Barcode,out1
AAACGAGACGGTTGAT-1,priorregion5
AAAGGGATGTAGCAAG-1,priorregion2
AAATGGTCAATGTGCC-1,priorregion2
AAATTAACGGGTAGCT-1,priorregion2
AACAACTGGTAGTTGC-1,priorregion1
AACAGGAAATCGAATA-1,priorregion2
AACCCAGAGACGGAGA-1,priorregion1
AACCGAGCTTGGTCAT-1,priorregion2
AACGATAGAAGGGCCG-1,priorregion1
AACGATATGTCAACTG-1,priorregion3
AACGCGGTCTCCAGCC-1,priorregion2
AACGTCAGACTAGTGG-1,priorregion1
AACGTGCGAAAGTCTC-1,priorregion5
AACTCAAGTTAATTGC-1,priorregion4
AACTGATATTAGGCCT-1,priorregion2
AACTGGGTCCCGACGT-1,priorregion2
AAGACTGCAAGCTACT-1,priorregion5
AAGAGCTCTTTATCGG-1,priorregion5
AAGAGGCATGGATCGC-1,priorregion5
AAGCTCGTGCCAAGTC-1,priorregion5
AAGGAGCGGTTGGTGC-1,priorregion1
AAGGCGCGTAAAGCTT-1,priorregion1
AAGGCTGTGCTCATCG-1,priorregion1
AAGGTATCCTAATATA-1,priorregion3
AAGTAGAAGACCGGGT-1,priorregion1
AATCGCCTCAGCGCCA-1,priorregion5
AATGACTGTCAGCCGG-1,priorregion1
AATGCAACCGGGTACC-1,priorregion2
ACAACAGCATGAGCTA-1,priorregion3
ACAAGGACAAGAGGTT-1,priorregion4
ACAATTTGAGCAGTGG-1,priorregion3
ACACAAAGACGGGTGG-1,priorregion2
ACACCCAGCATGCAGC-1,priorregion1
ACACCCGAGAAATCCG-1,priorregion1
ACACCTTAAGTAGGGC-1,priorregion1
ACACGAGACTCCTTCT-1,priorregion3
ACACGGGAACTTAGGG-1,priorregion2
ACATAATAAGGCGGTG-1,priorregion2
ACCAAGAACGCGTGTC-1,priorregion1
ACCACAAGTTTCTATC-1,priorregion2
ACCATATCCGCAATAA-1,priorregion4
ACCCATCTTGAGGGTA-1,priorregion4
ACCGACTGAGTCCCAC-1,priorregion2
ACGATACATAGAACTA-1,priorregion3
ACGATCATACATAGAG-1,priorregion2
ACGATGCATATGTTAT-1,priorregion4
ACGCATTCGTGAGTAC-1,priorregion2
ACGCCAGATGATTTCT-1,priorregion3
ACGCGGGCCAAGGACA-1,priorregion2
ACGTAGATTGCTGATG-1,priorregion2
ACGTGCGCCTCGTGCA-1,priorregion2
ACGTTAGATTTGCCCG-1,priorregion4
ACTACCAGCTCTCTGG-1,priorregion1
ACTCAATAAAGGCACG-1,priorregion2
ACTCGTCAGTAATCCC-1,priorregion5
ACTCTTGTATAGTAAC-1,priorregion5
ACTGCCGTCGTAACTC-1,priorregion2
ACTGTACGATACACAT-1,priorregion3
ACTGTAGCACTTTGGA-1,priorregion1
ACTGTCCAGGATTATA-1,priorregion2
ACTGTCTTCTTTAGAA-1,priorregion2
ACTTATTAGGATCGGT-1,priorregion4
ACTTCGCCATACGCAC-1,priorregion3
ACTTGGGACCCGGTGG-1,priorregion1
ACTTTCCTATAGCTTC-1,priorregion2
AGAACGTGGTACATTC-1,priorregion3
AGACCCGCCCTCCTCG-1,priorregion2
AGACTAGCCTTCCAGA-1,priorregion1
AGAGCGGGCTAATCAT-1,priorregion2
AGATAACTTCAGGGCC-1,priorregion4
AGATCTCAGGTGTGAT-1,priorregion3
AGATGACTCGCCCACG-1,priorregion1
AGATTATAGGACGTTT-1,priorregion4
AGCACCAGTACTCACG-1,priorregion2
AGCATCGTCGATAATT-1,priorregion1
AGCCACTCCCGTGCTT-1,priorregion3
AGCCCTAAGCGAAGTT-1,priorregion2
AGCGACATCCCATTCA-1,priorregion2
AGCGACCAACGATATT-1,priorregion2
AGCTATTTAATCCAAC-1,priorregion3
AGCTCTAGACGTTCCA-1,priorregion5
AGGACATCGCACGTCG-1,priorregion1
AGGCCACCCGTTATGA-1,priorregion1
AGGCCCATTGTACAGG-1,priorregion1
AGGGCGTGATCGGCTA-1,priorregion1
AGGGCTGCAGTTACAG-1,priorregion5
AGGGTTTAGTTCGGGA-1,priorregion2
AGGTTGAGGCACGCTT-1,priorregion3
AGTAATGTCTTGCCGC-1,priorregion2
AGTACGGGCACCTGGC-1,priorregion3
AGTCGGCCCAAACGAC-1,priorregion1
AGTCTTCTCCTCAAAT-1,priorregion2
AGTTAAGCGGTCCCGG-1,priorregion3
AGTTCCTACAGAATTA-1,priorregion2
ATAAAGGCTCGGTCGT-1,priorregion2
ATAACGCCGGAGGGTC-1,priorregion5
ATAACGGAGTCCAACG-1,priorregion3
ATACGGGTTTCGATTG-1,priorregion3
ATACTAGCATGACCCT-1,priorregion2
ATAGACGAAGAGAAAG-1,priorregion4
ATAGAGTACTGGGACA-1,priorregion1
ATAGGGATATCCTTGA-1,priorregion2
ATAGGTTGGGCAGATG-1,priorregion2
ATATCTTAGGGCCTTC-1,priorregion5
ATATTTAACCCTCAAG-1,priorregion2
ATCAATCTGGGCTGCA-1,priorregion2
ATCACATTAGAATATC-1,priorregion3
ATCACTTCATCCTCGC-1,priorregion2
ATCATCCAATATTTGT-1,priorregion5
ATCCAACGCAGTCATA-1,priorregion1
ATCGACTCTTTCCGTT-1,priorregion2
ATCGCACGCCGGGAGA-1,priorregion2
ATCTCCCTGCAATCTA-1,priorregion3
ATCTGGTTAAGACTGT-1,priorregion3
ATCTGTAATTGTACCC-1,priorregion1
ATCTTGACCTGCAACG-1,priorregion1
ATGAAGCCAAGGAGCC-1,priorregion1
ATGACGCCGGCTCTAA-1,priorregion2
ATGATCGGGAATAGAC-1,priorregion1
ATGCACTACCGCATTG-1,priorregion1
ATGCATGATCCAGGAT-1,priorregion2
ATGCCGGTCTTGCATA-1,priorregion3
ATGCGACAGTCCCATT-1,priorregion5
ATGGAGCAGGCCGTGA-1,priorregion5
ATGGATCCGGCGTCCG-1,priorregion3
ATGGATTGACCAAACG-1,priorregion2
ATGTGCATCCGACGCA-1,priorregion2
ATTAATACTACGCGGG-1,priorregion2
ATTAATGAACCAGTCG-1,priorregion3
ATTACTAGCCTCTTGC-1,priorregion1
ATTAGATTGATAGCGG-1,priorregion1
ATTAGGCGATGCTTTC-1,priorregion5
ATTATACTTTGCTCGT-1,priorregion3
ATTATGCCATAGGGAG-1,priorregion1
ATTCCTCCGCCAGTGC-1,priorregion1
ATTGAAGATCTTAGTG-1,priorregion2
ATTGCTGCTCCTCCAT-1,priorregion4
ATTTACAGTTTACTGG-1,priorregion4
ATTTGTTCCAGGGCTC-1,priorregion2
CAAACGGTCGCACTTT-1,priorregion1
CAACGACCCGTTTACA-1,priorregion1
CAACGGTTCTTGATAC-1,priorregion1
CAACTATATCGAATGC-1,priorregion3
CAACTCCTTGATCCCG-1,priorregion1
CAAGCAACGTCGGAGT-1,priorregion4
CAAGCACCAAATGCCT-1,priorregion2
CAATAAACCTTGGCCC-1,priorregion3
CAATTAAGGGTGATGA-1,priorregion2
CAATTTCGTATAAGGG-1,priorregion5
CACAGCACCCACGGCA-1,priorregion2
CACAGCTAGGGAGTGA-1,priorregion2
CACATGATTCAGCAAC-1,priorregion5
CACCCACACGTCACCC-1,priorregion1
CACCGCCAGAAGGTTT-1,priorregion2
CACCTAATCAGTTTAC-1,priorregion2
CACCTCGATGGTGGAC-1,priorregion2
CACGCACAGCGCAGCT-1,priorregion2
CACGCAGCGAGGCTTT-1,priorregion1
CACGTTCGTGCTCTAG-1,priorregion5
CACTAAAGTTGCCTAT-1,priorregion4
CACTCAAGAGCTATGG-1,priorregion5
CACTGTCCAAGTGAGA-1,priorregion1
CACTTAATCAGACGGA-1,priorregion4
CAGAGCATGAGCTTGC-1,priorregion2
CAGATACTAACATAGT-1,priorregion1
CAGCAGCCCGTTCCTT-1,priorregion3
CAGCCTCCTGCAGAGG-1,priorregion3
CAGCTCACTGAGACAT-1,priorregion2
CAGGCCGTTTGGGTGT-1,priorregion4
CAGTGTCCGCAGAATG-1,priorregion1
CAGTTCAAATTGACAC-1,priorregion1
CATACGGCGTCTGGGC-1,priorregion5
CATACTATGTAATTGT-1,priorregion4
CATAGTACATTGAGAG-1,priorregion3
CATAGTAGCATAGTAG-1,priorregion1
CATGATGCACAATTCT-1,priorregion2
CATGCGTTAGACAGAA-1,priorregion2
CATGGCAGGAAGATCG-1,priorregion1
CATGGTCTAGATACCG-1,priorregion2
CATTACGTCGGCCCGT-1,priorregion2
CATTATGCTTGTTGTG-1,priorregion1
CCAAACAGAACCCTCG-1,priorregion1
CCAACGATGCACTGAT-1,priorregion4
CCAAGACTTCTGCGAA-1,priorregion2
CCAAGCGTAACTCGTA-1,priorregion3
CCAATAGTGCCGTCGA-1,priorregion4
CCAATGTCACAGCAAG-1,priorregion4
CCAATTGAATGTTAAT-1,priorregion1
CCACACTGAGATATTA-1,priorregion4
CCACCCAAGGAAAGTG-1,priorregion5
CCACGAGAAGAGAATC-1,priorregion3
CCAGCCTGGACCAATA-1,priorregion5
CCAGGGACGTGGCCTC-1,priorregion1
CCATAGGTTGGCGTGG-1,priorregion2
CCATGCCTGTTTAGTA-1,priorregion4
CCATGCTCTGCAGGAA-1,priorregion1
CCATTAGCGATAATCC-1,priorregion4
CCATTCCCTGCCCACA-1,priorregion4
CCCGACCATAGTCCGC-1,priorregion3
CCCGCCATGCTCCCGT-1,priorregion1
CCCGTCAGCGTCTGAC-1,priorregion1
CCCTCATTCTGGAATT-1,priorregion1
CCCTGAAATGAGTTGA-1,priorregion4
CCGCACAAAGACCAAC-1,priorregion5_mintest
CCGGGACCCGCAGAGA-1,priorregion1
CCGGGCGGTCTCGTCA-1,priorregion3
CCGTAAGTTGGTCCCA-1,priorregion3
CCTACTGCTTACACTT-1,priorregion1
CCTATCTATATCGGAA-1,priorregion3
CCTATGGGTTACCGTC-1,priorregion2
CCTCGAAGTGGACGGG-1,priorregion2
CCTCGCCAGCAAATTA-1,priorregion3
CCTCTAATCTGCCAAG-1,priorregion2
CCTCTGGCCTAGACGG-1,priorregion3
CCTGAATATTTACATA-1,priorregion2
CCTGCTATTTGAGAAG-1,priorregion1
CCTGGCTAGACCCGCC-1,priorregion1
CCTGTAAGACATGATA-1,priorregion4
CCTGTCACCCGGGCTC-1,priorregion2
CCTGTCGCCCGTAAAT-1,priorregion5
CCTTCTTGATCCAGTG-1,priorregion3
CGACAGTTCGCGTTAT-1,priorregion4
CGAGAGATGTGAACCT-1,priorregion3
CGAGCTGGGCTTTAGG-1,priorregion2
CGAGGCTAAATATGGC-1,priorregion3
CGAGGGACTGCGGTCG-1,priorregion5
CGATCCGACCCAGTGC-1,priorregion4
CGCAAACACGAGTTAC-1,priorregion1
CGCAATTAGGGTAATA-1,priorregion1
CGCATTAGCTAATAGG-1,priorregion2
CGCCATCCGATTATGA-1,priorregion3
CGCCCGCTTCCGTACA-1,priorregion3
CGCGCCCGACTTAATA-1,priorregion3
CGCGGGAATTAGGCAG-1,priorregion3
CGCGTTCATGAAATAC-1,priorregion1
CGCTACGGGACATTTA-1,priorregion4
CGCTATTCTTAGGCTC-1,priorregion5
CGCTCGACATAATGAT-1,priorregion1
CGCTCTCCGTAGATTA-1,priorregion4
CGCTGTGACGCCGCAC-1,priorregion1
CGCTTCCACTGAAATC-1,priorregion1
CGGAGCATGGCGATCC-1,priorregion5
CGGCCACGCACAAAGT-1,priorregion4
CGGGATCAATGTAAGA-1,priorregion2
CGGGCAGCTAAACCGC-1,priorregion2
CGGTCAAGTGGGAACC-1,priorregion3
CGGTCTATCAACCCGT-1,priorregion3
CGTACCTGATAGGCCT-1,priorregion2
CGTATTAAGAGATCTA-1,priorregion2
CGTCTGGAAGGGCCCG-1,priorregion2
CGTGTCCCATTCGCGA-1,priorregion1
CGTTGTTTCAATTCCC-1,priorregion4
CGTTTCGCTCATTACA-1,priorregion4
CTACGCACGGAGTACC-1,priorregion4
CTACTGCCACCTGACC-1,priorregion2
CTAGCATAGTATAATG-1,priorregion2
CTAGTCACGTCTTAAG-1,priorregion5
CTAGTGAAGGACAGGA-1,priorregion4
CTAGTTGGGCCCGGTA-1,priorregion2
CTATCGGGTCTCAACA-1,priorregion5
CTATGTCACTAGCCCA-1,priorregion2
CTATTTGGTTACGGAT-1,priorregion5
CTCATTTGATGGGCGG-1,priorregion2
CTCCGGCCTAATATGC-1,priorregion2
CTCGAGGTCGAACAGT-1,priorregion2
CTCGCACCTATATAGT-1,priorregion2
CTCGGTCCGTAGCCTG-1,priorregion1
CTCTCACAATCGATGA-1,priorregion3
CTCTGGACGCCTGGTG-1,priorregion2
CTGAAAGAGATCCGAC-1,priorregion2
CTGCACCTGGAACCGC-1,priorregion1
CTGCCAAGGTTGGAAG-1,priorregion3
CTGGAAATGGATGCTT-1,priorregion2
CTGGCGACATAAGTCC-1,priorregion3
CTGTACTTCTTAGCAT-1,priorregion5
CTGTTCACTGCCTGTG-1,priorregion1
CTTACACGGTATTCCA-1,priorregion1
CTTACACTGGGAAATA-1,priorregion1
CTTAGCCTTCCACATG-1,priorregion3
CTTCATAGCTCAAGAA-1,priorregion1
CTTCATTGTCAGTGGA-1,priorregion4
CTTCGTAGATAGGTGA-1,priorregion4
CTTGTACTTGTTGACT-1,priorregion1
CTTGTTGCTGAGTCAA-1,priorregion5
CTTTAACTTTCAAAGG-1,priorregion2
CTTTGGCTTTAGTAAA-1,priorregion4
GAAATCGCGCGCAACT-1,priorregion2
GAAATGGCGGTGTTAG-1,priorregion2
GAACACACATCAACCA-1,priorregion1
GAACGACCGAATGATA-1,priorregion2
GAAGCGTGAGGAATTT-1,priorregion2
GAAGTGATTTATCGTG-1,priorregion4
GAAGTGCTGGATAGCT-1,priorregion2
GAAGTTTCCACTCAAT-1,priorregion4
GAATCGACATGGTCAC-1,priorregion1
GAATGTTGGGTAATCT-1,priorregion2
GAATTATAGTGAAAGG-1,priorregion2
GACAACGACCATTGAA-1,priorregion3
GACAACGCAGCTTACG-1,priorregion1
GACACAAGGGAAGAAA-1,priorregion3
GACCAGAGCCCTGTAG-1,priorregion2
GACTAAGATCATGCAC-1,priorregion1
GACTAAGTAGGCTCAC-1,priorregion1
GAGACTGATGGGTAGA-1,priorregion2
GAGAGGGCGCGAGGTT-1,priorregion4
GAGATCTGCTTGGCAT-1,priorregion4
GAGATCTGTCACTCCG-1,priorregion3
GAGTACGGGTATACAA-1,priorregion1
GATAAATCGGTGGATG-1,priorregion1
GATATGAGACACTAAC-1,priorregion5
GATCATTCCAAACATT-1,priorregion2
GATCCCTTTATACTGC-1,priorregion2
GATCCGGGAATTAACA-1,priorregion5
GATCGACACTATCTGA-1,priorregion1
GATCGCGGGCTCTCCA-1,priorregion4
GATCGGTGGCCATAAC-1,priorregion2
GATCGTGACTGATATC-1,priorregion5
GATCTTTGCAGGGTAT-1,priorregion4
GATGCGTCCTGCATTC-1,priorregion4
GATGCTACAAGCGCCT-1,priorregion1
GATTCCCTTGTCGCAG-1,priorregion2
GATTCCGCGTTTCCGT-1,priorregion3
GCAAATATTACGCTTT-1,priorregion4
GCAAGTGCACAGAGAA-1,priorregion1
GCAGATTAGGGATATC-1,priorregion5
GCAGCACACAGCCCAG-1,priorregion4
GCAGGACTATAGAATA-1,priorregion4
GCATAGAGCACTCAGG-1,priorregion4
GCATCCCTAACTTTGA-1,priorregion1
GCCCAGTTGGTATGCC-1,priorregion1
GCCCGCGCGTTTGACA-1,priorregion1
GCCCGTAATACCTTCT-1,priorregion3
GCCGAAATTCCTACGT-1,priorregion4
GCCGCTTGTGAGAAAC-1,priorregion4
GCCTAGCGATCTGACC-1,priorregion1
GCCTTCAGCCCTACCG-1,priorregion1
GCGAAGCCATACCCGT-1,priorregion2
GCGAGGCCCGAGCAGA-1,priorregion4
GCGAGTTCTGCAAAGA-1,priorregion5
GCGATTGTTAACGTTA-1,priorregion5
GCGCTAATTGAATAGA-1,priorregion3
GCGGCTCTGACGTACC-1,priorregion4
GCGGGAACCAGGCCCT-1,priorregion1
GCGTCGAAATGTCGGT-1,priorregion2
GCGTCTCTGCATTGGG-1,priorregion4
GCTAAGTAGTTTCTCT-1,priorregion3
GCTAATACCGAATGCC-1,priorregion1
GCTAGTAGAGCTTGTA-1,priorregion5
GCTAGTTTCATTGAGG-1,priorregion1
GCTCTAAACCCTGACG-1,priorregion2
GCTCTATGTTACGTGC-1,priorregion1
GCTCTCGGGTACCGAA-1,priorregion2
GCTGCTCTCCGGACAC-1,priorregion2
GCTTCCGTCCCTAGAC-1,priorregion3
GGAATGCGCTAGCGTG-1,priorregion3
GGAGAAGTCATTGGCA-1,priorregion1
GGAGCACCAAGAACTA-1,priorregion3
GGAGGGCTTGGTTGGC-1,priorregion3
GGAGTGCCGCCCTGGA-1,priorregion1
GGATCCGGAATATACT-1,priorregion3
GGATGACGCGAGTTTA-1,priorregion4
GGATTCCGCTATACCC-1,priorregion3
GGCAATAGTCAATGAG-1,priorregion3
GGCACTCCACTGGGCA-1,priorregion4
GGCGGAGTAATATTAG-1,priorregion2
GGCGGTAGGATCATTG-1,priorregion3
GGCTATTAAGTTGTAT-1,priorregion4
GGCTCGTGCCACCAGC-1,priorregion1
GGCTCTGCTCCAACGC-1,priorregion2
GGGAACGGGAGGTTAG-1,priorregion4
GGGACTGCATAGATAG-1,priorregion2
GGGAGAACTCACAGTA-1,priorregion2
GGGAGGATGCCCGAAA-1,priorregion4
GGGAGTTAATGAGGCG-1,priorregion3
GGGCGATATGTGTGAA-1,priorregion2
GGGCGTACATTTATAT-1,priorregion1
GGGCTGCCTAGGGCGA-1,priorregion3
GGGCTGGTTAGTCGCG-1,priorregion2
GGGTACTTCATGAACT-1,priorregion4
GGGTCACCGTGACGGT-1,priorregion4
GGGTGTTTCAGCTATG-1,priorregion2
GGTAGTGCTCGCACCA-1,priorregion3
GGTATTGCCGAGTTTA-1,priorregion2
GGTCTGAGAATCTGGA-1,priorregion3
GGTGATAAGGAGCAGT-1,priorregion5
GGTGCGGATAAGTGGC-1,priorregion1
GGTTTACAATCTCAAT-1,priorregion3
GTAAGCGGGCAGTCAG-1,priorregion2
GTACACTTACCTGAAG-1,priorregion5
GTACGAGATTGCGACA-1,priorregion2
GTACTAAGATTTGGAG-1,priorregion2
GTACTGGAGTTAGACC-1,priorregion3
GTAGCGGCTATACACT-1,priorregion5
GTAGGTGATCCGTGTA-1,priorregion3
GTATAGGACTCAGTAG-1,priorregion2
GTCAAGCGGACTCGGG-1,priorregion5
GTCATGCACCTCCGTT-1,priorregion2
GTCATGGACATGACTA-1,priorregion2
GTCATTAGAGCGAACG-1,priorregion5
GTCCCAACGTAAAGTA-1,priorregion3
GTCCGGCTGAATTGCG-1,priorregion1
GTCGCGTAACCCGTTG-1,priorregion5
GTCGGATGTAGCGCGC-1,priorregion3
GTCTCGATCTGCTTTC-1,priorregion3
GTGCACGAAAGTGACT-1,priorregion2
GTGCGGGTCTCCAAAT-1,priorregion1
GTGCTCAAGTACTGTC-1,priorregion2
GTGGAACCTACATGCG-1,priorregion3
GTGGACGTGCTGAGAC-1,priorregion1
GTGGGCTTAGACACAC-1,priorregion1
GTGTACCTTGGCTACG-1,priorregion3
GTTCCAGTCTGACCAT-1,priorregion1
GTTCGCCATAAGTGCC-1,priorregion4
GTTCTTCCCTCGATGT-1,priorregion1
GTTGCACGGAGTTTCG-1,priorregion1
GTTGGATTTGCGTTGG-1,priorregion4
GTTGTCGTGTTAGTTG-1,priorregion1
GTTTCCTGGAGGGTGA-1,priorregion1
GTTTGACCAAATCCTA-1,priorregion2
TAACATACAATGTGGG-1,priorregion5
TAAGGAACTTGTGGGA-1,priorregion1
TAAGGCAACATAAGAT-1,priorregion2
TAATACACAGTAGTAT-1,priorregion2_mintest
TAATATTGAAATTCGC-1,priorregion1
TACATTTCTAACGTGC-1,priorregion5
TACCTCACGCTTGTAC-1,priorregion1
TACGAACACGACTTCA-1,priorregion2
TACGAGAACTTCACGT-1,priorregion4
TACTCTCCGAACAAAT-1,priorregion3
TAGAAAGGTGGCGCTA-1,priorregion3
TAGAGTCTAAGCGAAC-1,priorregion2
TAGCGTTGGGTCTTAC-1,priorregion5
TAGCTAAGTCCGGGAG-1,priorregion2
TAGGGTGTTTCAAGAG-1,priorregion1
TAGGTTCGAGTTCGTC-1,priorregion5
TAGTCCGCAGAGAATG-1,priorregion5
TAGTGCCCTCCAGAGT-1,priorregion2
TATAAATCCACAAGCT-1,priorregion1_mintest
TATAAGTGAGGATAGC-1,priorregion1
TATCCATATCATGCGA-1,priorregion1
TATCGATGATTAAACG-1,priorregion1
TATGCTCCCTACTTAC-1,priorregion2
TATGGATGTGCTACGC-1,priorregion1
TATGGGACCGAGCAGG-1,priorregion4
TATGGGTACGTATCGT-1,priorregion2
TATGGTCTGAGTAACA-1,priorregion4
TATGTCTCATTGTGCC-1,priorregion3
TATTCAATTCTAATCC-1,priorregion3
TATTCGTGCCAGAATA-1,priorregion2
TATTTAGTCTAGATCG-1,priorregion2
TATTTATACCGAGTAG-1,priorregion3
TATTTGTTACCCTTTA-1,priorregion1
TCAAACAACCGCGTCG-1,priorregion2
TCAAACTTAGATTGTT-1,priorregion2
TCAACCATGTTCGGGC-1,priorregion1
TCACAGGTTATTGGGC-1,priorregion2
TCACGCATTGTAGATC-1,priorregion2
TCACGGTCATCGCACA-1,priorregion1
TCACGTGCCCGATTCA-1,priorregion5
TCAGCAAATGCATCTC-1,priorregion3
TCAGGGTGTAACGTAA-1,priorregion3
TCAGGTTCTTTGAGAA-1,priorregion1
TCCACTTTATCTAGGT-1,priorregion3
TCCAGGCGAGTACGGT-1,priorregion2
TCCCAAAGACGAAGGA-1,priorregion2
TCCCAGCTTTAGTCTG-1,priorregion2
TCCCAGGCTTAGCTAA-1,priorregion1
TCCCGCGTACTCCTGG-1,priorregion2
TCCCGTCAGTCCCGCA-1,priorregion3
TCCGATAATTGCCATA-1,priorregion2
TCCGATGACTGAGCTC-1,priorregion3
TCCGATGGTGCGACAT-1,priorregion1
TCCTTCAGTGGTCGAA-1,priorregion2
TCCTTTCTTACGCTTA-1,priorregion2
TCGAAATTTAGGACCA-1,priorregion1
TCGAGACCAACACCGT-1,priorregion4
TCGCCGGTCGATCCGT-1,priorregion2
TCGCTCGATATATTCC-1,priorregion2
TCGCTGGGCGGATTGT-1,priorregion3
TCGCTGTGCGTAAATC-1,priorregion1
TCGGACGCCCAGCCCA-1,priorregion3
TCGGAGTACATGAGTA-1,priorregion3
TCGTAAGACGACATTG-1,priorregion3
TCGTCCGCTGGCGTCT-1,priorregion1
TCTACCGTCCACAAGC-1,priorregion2
TCTAGCATCTTCGATG-1,priorregion1
TCTAGTTATCAGAAGA-1,priorregion2
TCTATCATGCAGTTAC-1,priorregion1
TCTATCGGTCGCAACA-1,priorregion2
TCTCCAACGTAGGTTA-1,priorregion3_mintest
TCTCTAATAGCTGGTA-1,priorregion1
TCTGAACCGGTCGGCT-1,priorregion1
TCTGTGCCATCATAGT-1,priorregion3
TCTTACAGAGGTACCG-1,priorregion1
TCTTCGAATAGACGTT-1,priorregion5
TCTTCGATACCAATAA-1,priorregion2
TCTTGATGCGTAGCGA-1,priorregion3
TCTTGGTAACACCAAA-1,priorregion2
TGACCCACGTTAGACA-1,priorregion4
TGAGAATGCTTTACCG-1,priorregion1
TGATCGGTTTGACCCT-1,priorregion2
TGATCTCCGGCGCCAG-1,priorregion1
TGATTCGTCTATCACT-1,priorregion4
TGCAAGAATGACGTAA-1,priorregion2
TGCAGAGTACCGAGCA-1,priorregion4
TGCAGGATCGGCAAAG-1,priorregion3
TGCATGGATCGGATCT-1,priorregion2
TGCATGTGGTAATCTA-1,priorregion3
TGCCACCTGGCGAAAC-1,priorregion3
TGCCTGATCAAACGAT-1,priorregion2
TGCGCAAAGCATTTGG-1,priorregion2
TGCGCGATTAACGGAG-1,priorregion1
TGCGGAGTAAAGGTGC-1,priorregion2
TGCTGGTTGGACAATT-1,priorregion1
TGCTGTTGAAGAACTC-1,priorregion5
TGGAAGGATAAAGATG-1,priorregion2
TGGACTGTTCGCTCAA-1,priorregion5
TGGAGTGATGCGATGA-1,priorregion1
TGGCAGCAGTAATAGT-1,priorregion5
TGGCCAAACTGAAGTA-1,priorregion3
TGGCCGTATATTGACC-1,priorregion1
TGGCTTTGGGTAGACA-1,priorregion1
TGGGCACGTTCTATGG-1,priorregion3
TGGGCCACAAGAGCGC-1,priorregion3
TGGTTCGTAGCAAAGG-1,priorregion1
TGTACGAACAAATCCG-1,priorregion4
TGTATAACAGATCCTG-1,priorregion3
TGTGACTACGCCAGTC-1,priorregion2
TGTTCCGCTTCCATGA-1,priorregion4_mintest
TGTTCTTCCATTGACT-1,priorregion4
TGTTGTCAAGAAGTCT-1,priorregion3
TGTTTCGGTACTTCTC-1,priorregion1
TTAACCAACCCTCCCT-1,priorregion1
TTAAGCGCCTGACCCA-1,priorregion1
TTAATCAGTACGTCAG-1,priorregion3
TTAATGTAGACCAGGT-1,priorregion2
TTAATTTCAGACGCGG-1,priorregion2
TTACAACTACGCATCC-1,priorregion1
TTACTCCGGCCGGGAA-1,priorregion3
TTATATACGCTGTCAC-1,priorregion5
TTATATTTGGCAATCC-1,priorregion2
TTATCTGTATCATAAC-1,priorregion2
TTATGATCTTAACGAA-1,priorregion5
TTATTAGGGAAGCATC-1,priorregion2
TTCAAAGTCTCTAGCC-1,priorregion5
TTCAACGACCCGACCG-1,priorregion1
TTCACGAAAGGATCAC-1,priorregion4
TTCATGGCGCAACAGG-1,priorregion3
TTCCTCGAGGGTGTCT-1,priorregion1
TTCGACGGGAAGGGCG-1,priorregion1
TTCGCACTCGCGTGCT-1,priorregion1
TTCGGGACTAATCGCG-1,priorregion5
TTCTAGGCCAATTGTG-1,priorregion1
TTCTTAGTGGCTCAGA-1,priorregion2
TTCTTGGAGTAATGAG-1,priorregion3
TTGAAGAATTCCCAGG-1,priorregion2
TTGAATATGGACTTTC-1,priorregion3
TTGACCATGTTCTCCG-1,priorregion3
TTGATCTAACTTTGTC-1,priorregion1
TTGCACGGAGCAGCAC-1,priorregion2
TTGCTCCCATACCGGA-1,priorregion2
TTGCTGAAGGAACCAC-1,priorregion1
TTGCTGATCATGTTCG-1,priorregion2
TTGGATTGGGTACCAC-1,priorregion1
TTGGCCTAGAATTTCG-1,priorregion3
TTGGCTCGCATGAGAC-1,priorregion1
TTGGGACACTGCCCGC-1,priorregion2
TTGGGCGGCGGTTGCC-1,priorregion3
TTGTAAGGCCAGTTGG-1,priorregion3
TTGTAATCCGTACTCG-1,priorregion4
TTGTCGTTCAGTTACC-1,priorregion2
TTGTGGCCCTGACAGT-1,priorregion2
TTGTTAGCAAATTCGA-1,priorregion1
TTGTTCAGTGTGCTAC-1,priorregion2
TTGTTGTGTGTCAAGA-1,priorregion3
