Barcode,X Coordinate,Y Coordinate
AAACAAGTATCTCCCA-1,8229,7239
AAACAATCTACTAGCA-1,4170,1612
AAACACCAATAACTGC-1,2518,8315
AAACAGAGCGACTCCT-1,7679,2929
AAACCGGGTAGGTACC-1,3138,6280
AAACCGTTCGTCCAGG-1,4101,7478
AAACCTCATGAAGTTG-1,2519,5682
AAACGAAGAACATACC-1,5615,1971
AAACGAGACGGTTGAT-1,6647,5443
AAACGGTTGCGAACTG-1,5270,9273
AAACTCGGTTCGCAAT-1,6027,9154
AAACTGCTGGCTCCAA-1,5821,6640
AAACTTGCAAACGTAT-1,2519,6639
AAAGACCCAAGTCGCG-1,4514,2450
AAAGGCCCTATAATAC-1,2725,9153
AAAGGCTACGGACCAT-1,4926,8675
AAAGGCTCTCGCGCCG-1,4995,7837
AAAGGGATGTAGCAAG-1,5477,4126
AAAGGGCAGCTTGAAT-1,3000,4126
AAAGTAGCATTGCTCA-1,3069,7358
AAAGTCACTGATGTAA-1,4789,2450
AAAGTCGACCCTCAGT-1,2244,5682
AAAGTGTGATTTATCT-1,7679,6520
AAAGTTGACTCCCGTA-1,7816,6281
AAATAACCATACGGGA-1,7266,2929
AAATACCTATAAGCAT-1,5959,6879
AAATAGCTTAGACTTT-1,8504,5563
AAATAGGGTGCTATTG-1,6646,7598
AAATCGTGTACCACAA-1,5064,6520
AAATCTAGCCCTGCTA-1,8160,7598
AAATGCTCGTTACGTT-1,2863,3168
AAATGGCATGTCTTGT-1,5959,2809
AAATGGCCCGTGCCCT-1,2381,7118
AAATGGTCAATGTGCC-1,4720,5203
AAATTAACGGGTAGCT-1,5202,5323
AAATTACACGACTCTG-1,7129,2929
AAATTACCTATCGATG-1,7679,4365
AAATTGATAGTCCTTT-1,3344,7837
AAATTGCGGCGGTTCT-1,2519,1851
AAATTTGCGGGTGTGG-1,3482,6879
AACAACTGGTAGTTGC-1,4101,4605
AACAATACATTGTCGA-1,3757,8555
AACAATTACTCTACGC-1,2932,4724
AACACACGCTCGCCGC-1,7610,7358
AACACGACTGTACTGA-1,5684,2330
AACACGAGACGCGGCC-1,2656,6640
AACACGCGGCCGCGAA-1,3551,1971
AACAGCTGTGTGGCAA-1,3344,8316
AACAGGAAATCGAATA-1,5821,3049
AACAGGATGGGCCGCG-1,3344,4724
AACATATCAACTGGTG-1,8023,4485
AACATTGAAGTTGATC-1,2794,9273
AACATTGTGACTCGAG-1,4789,8914
AACCAAGACTTCTCTG-1,2863,5562
AACCATGGGATCGCTA-1,3276,2929
AACCCAGAGACGGAGA-1,3895,3048
AACCCTACTGTCAATA-1,7816,6041
AACCCTGGTGGAACCA-1,6028,2211
AACCGAGCTTGGTCAT-1,6028,4126
AACCGCTAAGGGATGC-1,7541,6760
AACCGTTGTGTTTGCT-1,5615,2689
AACCTCGCTTTAGCCC-1,6853,8675
AACCTTTAAATACGGT-1,5890,7717
AACCTTTACGACGTCT-1,7541,3168
AACGATAATGCCGTAG-1,6234,7598
AACGATAGAAGGGCCG-1,4858,3048
AACGATATGTCAACTG-1,6440,4126
AACGCGAACGGCAACA-1,2725,2210
AACGCGACCTTGGGCG-1,4858,9273
AACGCGGTCTCCAGCC-1,5684,4006
AACGCTGTTGCTGAAA-1,7678,7717
AACGGACGTACGTATA-1,7541,7239
AACGGCCATCTCCGGT-1,3895,6879
AACGTACTGTGGGTAC-1,4101,6999
AACGTCAGACTAGTGG-1,3964,4126
AACGTGATGAAGGACA-1,6922,2330
AACGTGCGAAAGTCTC-1,6303,5562
AACTAGCGTATCGCAC-1,4514,1732
AACTAGGCTTGGGTGT-1,5408,7837
AACTCAAGTTAATTGC-1,4239,5802
AACTCCAGAGCGTGTT-1,7541,8436
AACTCCTAATCCCATG-1,7541,2690
AACTCGATGGCGCAGT-1,3069,2569
AACTCTCAATAGAGCG-1,7610,5443
AACTCTCAGTGTGCTC-1,4032,7597
AACTGATATTAGGCCT-1,5753,3168
AACTGGGTCCCGACGT-1,5752,3647
AACTGGTGTGGGCCTT-1,4583,2091
AACTTCTGCGTCTATC-1,2450,3407
AACTTGCCCGTATGCA-1,3069,4724
AACTTGCGTTCTCGCG-1,2588,2928
AACTTTAGCTGCTGAG-1,4583,1851
AAGAAGGATCAGTTAG-1,2932,2809
AAGACCCAACTGAACA-1,4926,8435
AAGACTAACCCGTTGT-1,3069,1851
AAGACTGCAAGCTACT-1,5890,5562
AAGAGATGAATCGGTA-1,3069,4485
AAGAGCTCTTTATCGG-1,6509,5443
AAGAGGATGTACGCGA-1,3207,5921
AAGAGGCATGGATCGC-1,6715,5563
AAGATGGCACCGGACC-1,3894,8316
AAGATTGGCGGAACGT-1,7404,4365
AAGCACCCTGCGTATC-1,6234,8316
AAGCATACTCTCCTGA-1,5958,7598
AAGCCGCCGTGAAATC-1,2794,9034
AAGCGTCCCTCATCGA-1,3619,8076
AAGCTAGATCGAGTAA-1,5890,7238
AAGCTCGTGCCAAGTC-1,6234,5443
AAGCTCTTTCATGGTG-1,6784,8076
AAGGAGAACTTATAAG-1,5133,1612
AAGGAGCGGTTGGTGC-1,4514,4605
AAGGATGAGGGACCTC-1,7197,4485
AAGGCGCGTAAAGCTT-1,3826,4126
AAGGCTGTGCTCATCG-1,4376,4844
AAGGGAACGACTGGCT-1,2656,8794
AAGGGACAGATTCTGT-1,7541,4365
AAGGGACTATGCATTC-1,3000,8435
AAGGTATCCTAATATA-1,6784,4246
AAGGTGATAAACCAGC-1,7541,6520
AAGTAGAAGACCGGGT-1,4445,3527
AAGTAGTGACGCGAGG-1,3344,5203
AAGTCAATTGTCGTCA-1,8160,6640
AAGTGACGACCGAATT-1,2931,6161
AAGTGAGTCGGGTTTA-1,4514,8675
AAGTGCCTTGACTGTA-1,8367,6520
AAGTGCGTTAGAATCT-1,3069,7118
AAGTGCTTCTCTATTG-1,3757,9513
AAGTGTTTGGAGACGG-1,6715,7478
AAGTTCACTCCAAGCT-1,7059,8076
AAGTTCGGCCAACAGG-1,3551,6759
AAGTTTACTAATGGCA-1,5409,1851
AATAACAACGCTCGGC-1,3276,5562
AATAACACTAGAACAA-1,3826,7478
AATAAGTCCTCGAGAC-1,6097,1851
AATACAATGTTTCAGG-1,2519,4006
AATACCGGAGGGCTGT-1,3757,9273
AATAGAACAGAGTGGC-1,4376,7478
AATAGAATCTGTTTCA-1,7128,6999
AATAGTCCGTCCCGAC-1,5133,8076
AATATCAAGGTCGGAT-1,4101,2210
AATATCGAGGGTTCTC-1,8160,4485
AATATTGGAGTATTGA-1,2725,5562
AATCAGACTGCAGGAC-1,2794,1851
AATCAGGTTTCATTTA-1,3482,9513
AATCATGTAAAGACTC-1,7954,7717
AATCCAAGGGCCTGAG-1,4445,2809
AATCCATGCAAGGGTG-1,3001,2210
AATCGCCTCAGCGCCA-1,6647,5922
AATCGGGACACTACGA-1,5340,2210
AATCTAGGTTTACTTG-1,2312,7477
AATCTGCGTTGGGACG-1,7541,5084
AATCTGGCTTTCTAGT-1,2243,7358
AATGACAGCAATGTCT-1,3275,6999
AATGACGTAGGATGTC-1,6578,6520
AATGACTGTCAGCCGG-1,4445,4006
AATGAGTTCGCATATG-1,2657,3048
AATGATGATACGCTAT-1,7610,4006
AATGATGCGACTCCTG-1,8160,4246
AATGCAACCGGGTACC-1,5271,4246
AATGCACCAAGCAATG-1,7885,3528
AATGGTTCTCACAAGC-1,3620,3527
AATGTGCCCGAGGTGT-1,3069,7837
AATGTGCTAATCTGAG-1,3413,9153
AATTAAAGGTCGGCGT-1,4651,6041
AATTAACGGATTTCCA-1,5752,8196
AATTAGCGCTGCAGCG-1,5546,7358
AATTCATAAGGGATCT-1,7472,4006
AATTCCAAGCATGTAC-1,5202,9154
AATTCTAGAGTTAGGC-1,5546,7119
AATTGAACGCTCTGGT-1,6922,6640
AATTTGGGACATAGTA-1,7473,2809
AATTTGGTTCCAAAGA-1,5821,2570
ACAAACCATGCGTCCT-1,2312,8914
ACAAATCGCACCGAAT-1,6853,7238
ACAAATGGTAGTGTTT-1,6991,6520
ACAACAGCATGAGCTA-1,6165,5084
ACAACGGTCCCTGCGA-1,3276,3886
ACAAGCAGTGCCTAGC-1,3000,4844
ACAAGGAAATCCGCCC-1,6371,7119
ACAAGGACAAGAGGTT-1,3757,4724
ACAAGGATGCTTTAGG-1,7197,8555
ACAAGGGCAGGCTCTG-1,6440,6520
ACAATAGTCGTACGTT-1,2587,6280
ACAATCCATTTAAACC-1,3413,5562
ACAATGAATACGGAGA-1,3344,8076
ACAATTGTGTCTCTTT-1,7885,7358
ACAATTTGAGCAGTGG-1,6853,4605
ACACAAAGACGGGTGG-1,5064,4126
ACACACCAGGACCAGT-1,7403,6520
ACACACTTTCTACACG-1,5615,2929
ACACATGATCAAATCT-1,2312,8435
ACACCCAGCATGCAGC-1,4652,4126
ACACCCGAGAAATCCG-1,3895,3527
ACACCGGTCTGACCGC-1,2381,9034
ACACCTTAAGTAGGGC-1,4170,4245
ACACGAGACTCCTTCT-1,6096,4964
ACACGGCACTATGCAT-1,6097,2091
ACACGGGAACTTAGGG-1,6096,4485
ACACTCCAATGTCACT-1,2381,3288
ACACTGATCAAGGTGT-1,4514,7478
ACAGAACTGAGAACAA-1,2863,7477
ACAGATTAGGTTAGTG-1,5133,2091
ACAGCATAGAGCCAGT-1,5202,2450
ACAGCGCACCCGCAGC-1,6716,2450
ACAGGCTTGCCCGACT-1,7197,7598
ACAGGTGGAGGTGAGG-1,3895,7358
ACATAATAAGGCGGTG-1,5546,3767
ACATCCCGGCCATACG-1,5133,7837
ACATCCTGGTAACTGT-1,8229,6281
ACATCGATCGTTTACC-1,5477,6281
ACATCGGTCAGCCGCG-1,3757,6161
ACATCGTATGCAATGG-1,6784,6640
ACATCGTTAACCTAGT-1,6372,2330
ACATGGCGCCAAAGTA-1,8367,6042
ACATTAGTTTATATCC-1,5408,7358
ACCAACGCTTATTTAT-1,4583,7597
ACCAAGAACGCGTGTC-1,4583,3288
ACCAATATGCAAGTTA-1,6578,7957
ACCACAACTCAGAACA-1,6785,2091
ACCACAAGTTTCTATC-1,4927,4844
ACCACGTGCAGCTATA-1,6440,6999
ACCAGGAGTGTGATCT-1,4996,1612
ACCAGTGCGGGAGACG-1,7679,6999
ACCATATCCGCAATAA-1,5064,5802
ACCATCGTATATGGTA-1,4101,6281
ACCCAACGCCCGTGGC-1,7128,4844
ACCCACCTACATGCTC-1,2932,4245
ACCCATCTTGAGGGTA-1,3757,5682
ACCCGAGCGAAATTAC-1,3206,8555
ACCCGATTGGTTCCGA-1,3619,9513
ACCCGGAAACTCCCAG-1,5683,8076
ACCCGGATGACGCATC-1,8091,5802
ACCCGGTTACACTTCC-1,4514,6281
ACCCGTGTCATCAGTA-1,4926,8196
ACCCTATAGGACTGAG-1,2588,2689
ACCCTATGCCATATCG-1,3963,7956
ACCCTCCCTTGCTATT-1,6991,6999
ACCCTTCATCTGCGAA-1,5684,2809
ACCGAAAGGGCCCTGC-1,4858,2330
ACCGACACATCTCCCA-1,5821,8555
ACCGACTGAGTCCCAC-1,5752,4605
ACCGATGGTAGCATCG-1,7541,5563
ACCGCAATAACTGCCT-1,6647,7358
ACCGCGGTGGAAGTCG-1,8504,6520
ACCGGGCCTTTGTTGA-1,7954,6760
ACCGGTCAGGTACACC-1,2243,8315
ACCGTGACCACGTGGG-1,3894,8555
ACCGTTCCCGCTCTGA-1,5684,1851
ACCTAAGTACCTTTCA-1,3275,7238
ACCTAATCGACTTCCT-1,3276,5083
ACCTCGAACTTATGCT-1,2243,9034
ACCTGCGTGTCATGTT-1,2450,6759
ACGAAATGGGCGGCAC-1,2863,5083
ACGACTGGTCATACTC-1,3550,8914
ACGAGAACCCATCACG-1,3551,2210
ACGAGATATTTGCTTA-1,6785,2330
ACGAGGATACCACTCT-1,2450,7238
ACGATACATAGAACTA-1,6716,3887
ACGATCATACATAGAG-1,5546,4246
ACGATCATCTTGTAAA-1,8229,5563
ACGATGCATATGTTAT-1,4170,5682
ACGATGGATCCGATGC-1,6028,2450
ACGCAAACTAATAGAT-1,4445,8794
ACGCATTCGTGAGTAC-1,5408,5203
ACGCCAGATGATTTCT-1,6234,3288
ACGCCGCTAGACGACC-1,6096,6400
ACGCGAAGTCAGACGA-1,5271,7119
ACGCGCTACACAGGGT-1,3344,6161
ACGCGGGCCAAGGACA-1,5477,5323
ACGCTAGTGATACACT-1,8092,4605
ACGGAATTTAGCAAAT-1,3069,3048
ACGGACTCTCAAAGCG-1,6371,8555
ACGGATGGTGCGGATA-1,6646,8076
ACGGCACTTGCTTGGG-1,5339,7478
ACGGCCAACATGGACT-1,4995,7597
ACGGCGACGATGGGAA-1,6509,7119
ACGGCGGGTTGCCCTG-1,3345,1851
ACGGGAGTGTCGGCCC-1,2931,6879
ACGGTCACCGAGAACA-1,2106,9752
ACGTACAGATTTCTCT-1,5753,2450
ACGTACTTTGGCACGG-1,3413,9632
ACGTAGATTGCTGATG-1,5821,5203
ACGTATTACTCCGATC-1,7885,6161
ACGTGCGCCTCGTGCA-1,5546,3288
ACGTTAATGTCGAAGA-1,5959,6161
ACGTTAGATTTGCCCG-1,3895,5921
ACGTTCCGCGCTCCGT-1,4927,2210
ACGTTCGTTCAGGAAA-1,4238,8435
ACGTTTAGTTGTGATC-1,5890,2929
ACTACATCCCGACAAG-1,2381,8794
ACTACCAGCTCTCTGG-1,4032,4245
ACTACGCGTTAGAATT-1,5064,8435
ACTAGTTGCGATCGTC-1,8366,7239
ACTATGTCCAGCTGCC-1,2725,8914
ACTATTCGTCCGTGGT-1,6303,2929
ACTATTTCCGGGCCCA-1,4032,8316
ACTCAACGAATGTATT-1,3482,2091
ACTCAAGTGCAAGGCT-1,7128,8436
ACTCAATAAAGGCACG-1,5959,4246
ACTCAGACCTGCTTCT-1,4170,2330
ACTCATGGCAGCCTTC-1,2381,9273
ACTCCAATATCATCAT-1,3206,8794
ACTCCCATTCCTAAAG-1,2381,6879
ACTCCCGAATTCGTTT-1,8367,5084
ACTCCCTAATGCTAAA-1,5958,8076
ACTCCCTAGAATAGTA-1,6027,6999
ACTCGTAACCCGTCCT-1,2794,7118
ACTCGTCAGTAATCCC-1,6578,5562
ACTCTCTGACTTAGGT-1,6578,6281
ACTCTCTTATACACGA-1,6991,2211
ACTCTTGTATAGTAAC-1,6027,5562
ACTGAAACGCCGTTAG-1,7610,8077
ACTGAATGGCGAAAGT-1,6922,6879
ACTGCCCGCCATTCTC-1,3275,9393
ACTGCCGTCGTAACTC-1,6028,3168
ACTGTACGATACACAT-1,6578,4844
ACTGTAGCACTTTGGA-1,3895,4485
ACTGTATACGCGAGCA-1,3689,2450
ACTGTCCAGGATTATA-1,4996,5203
ACTGTCTTCTTTAGAA-1,5615,4844
ACTGTGCTAGTAGATC-1,3345,2809
ACTTACCGGGCGCGCA-1,7748,2570
ACTTACGCATCCACGC-1,6578,8196
ACTTAGTACGACAAGA-1,3413,2929
ACTTATACTTACCCGG-1,7403,5563
ACTTATCTGATCTATA-1,3414,1253
ACTTATTAGGATCGGT-1,4789,5802
ACTTATTTATGTGCCA-1,7403,6760
ACTTCAGGCTGATCCC-1,6784,7358
ACTTCCATGCGGGACA-1,7059,8555
ACTTCGCCATACGCAC-1,6372,4485
ACTTGACTCCCTCTTT-1,6165,6281
ACTTGCCATATTGTAC-1,5065,1732
ACTTGGGACCCGGTGG-1,4583,4724
ACTTTACCCTCATGAA-1,8504,5084
ACTTTCCTATAGCTTC-1,5477,4605
AGAACGTGGTACATTC-1,6234,4485
AGAAGAGCGCCGTTCC-1,7266,5802
AGAAGGTTGCCGAATT-1,4239,6281
AGAAGGTTGTAGGTCG-1,6578,8914
AGAAGTGATTCGTGAT-1,3138,6999
AGAATTATGGATTCGA-1,7954,5084
AGAATTGTTTGACATA-1,2794,3288
AGACATAGATCCTTCC-1,4445,2091
AGACCATGGGATACAA-1,3138,3886
AGACCCACCGCTGATC-1,5683,7119
AGACCCGCCCTCCTCG-1,5064,4365
AGACCGGGAAACCCTG-1,2381,6161
AGACGAAGTGCCGGTC-1,7885,7119
AGACGACGATGCCGCT-1,3482,7597
AGACTAGCCTTCCAGA-1,4376,4605
AGACTGTTACCGGGTC-1,4307,8794
AGAGAAACACCAGAAA-1,3550,9393
AGAGAACCGTCTAGGA-1,7266,4365
AGAGAAGGAGTACAAT-1,3550,8196
AGAGATCTCTAAAGCG-1,2450,6041
AGAGCAGTTATGAGAC-1,2519,4724
AGAGCGGGCTAATCAT-1,5615,3168
AGAGCGTACAAGCTCG-1,3138,4126
AGAGGCTTCGGAAACC-1,8160,7358
AGAGGTATCTCGGTCC-1,4721,1612
AGAGTAAACTTCACTA-1,8504,6999
AGATAACTTCAGGGCC-1,4239,5083
AGATACCGGTGTTCAC-1,3826,6041
AGATACGACTTCATAT-1,3620,3048
AGATACTCAAGATCGA-1,6853,6760
AGATATAATACGACTA-1,6165,8914
AGATCGTGCATAAGAT-1,7885,3767
AGATCTCAGGTGTGAT-1,6372,4725
AGATGACTCGCCCACG-1,4996,3767
AGATGATGGAGTCTGG-1,8504,5323
AGATGCAAGACGTGCA-1,2862,8196
AGATTATAGGACGTTT-1,4927,5562
AGCAAAGGCCGCTAGT-1,6165,8435
AGCAACATATCTTATT-1,7610,6161
AGCAACCGAAAGTAAT-1,2587,7956
AGCACACGTTTAGACT-1,3000,9393
AGCACCAGTACTCACG-1,5684,4485
AGCACTACCGGCCTGT-1,2588,5323
AGCACTACCTCACCAG-1,6784,7598
AGCACTTAAGGACGCC-1,3620,4964
AGCAGAAGGAGAAAGA-1,5890,8914
AGCAGCCAGATGAATA-1,5202,7957
AGCATATCAATATGCT-1,7747,7358
AGCATCATTTCGAAAG-1,2519,7597
AGCATCGTCGATAATT-1,4789,3886
AGCCAAGCTTTGTGTC-1,5202,8914
AGCCACTCCCGTGCTT-1,6784,4006
AGCCCATACATGTAAG-1,3000,6280
AGCCCGGCATTAGAGG-1,3000,8914
AGCCCGGTAGCCTGTA-1,4582,8555
AGCCCTAAGCGAAGTT-1,5684,3048
AGCCCTCCCTGGTGGC-1,3206,9273
AGCCGTGGCTAAATGT-1,2725,7238
AGCGACAGGAACGGTC-1,3757,7358
AGCGACATCCCATTCA-1,5271,3288
AGCGACCAACGATATT-1,4996,4246
AGCGAGACGTGAAGGC-1,2725,9393
AGCGCATAATGAATCG-1,4995,8076
AGCGCGGGTGCCAATG-1,7541,4126
AGCGGACACTTCGTAG-1,5477,8675
AGCGGGAAGGGTCCAT-1,3757,2809
AGCGGGTCTGACACTC-1,5752,9154
AGCGTACGAGAGCTAG-1,2863,2210
AGCGTCTGAACCCGCA-1,3689,1971
AGCGTGGTATTCTACT-1,6096,6640
AGCTAACAAGCAATGT-1,3482,8555
AGCTAGAAGCAGAAGT-1,8023,3767
AGCTATTTAATCCAAC-1,6303,3168
AGCTCCTTCGCACATC-1,7128,7478
AGCTCTAGACGTTCCA-1,6440,5802
AGCTCTTCCCAGTGCA-1,7266,3408
AGCTCTTTACTCAGTT-1,4307,6161
AGCTGAAGTAAACCAA-1,6991,3647
AGCTGTAACCTCAATC-1,3138,7717
AGCTTATAGAGACCTG-1,4445,1851
AGCTTGATCTTAACTT-1,2794,6161
AGGAAGCTGTCCGCCG-1,5683,8555
AGGACAGTCGAATCCC-1,7059,6401
AGGACATCGCACGTCG-1,3826,3168
AGGACGACCCATTAGA-1,4307,6400
AGGACGCTCGATGTTG-1,7954,3408
AGGAGGCCTTCGCGCG-1,7954,7478
AGGATAAAGTCGGGAT-1,5683,7597
AGGATATAGGGATTTA-1,7816,6760
AGGATCACGCGATCTG-1,2312,6999
AGGCAGATGCGTAAAC-1,7128,4365
AGGCAGGGAGCGTACT-1,4582,8316
AGGCATTGTCGTAGGG-1,8023,7119
AGGCCACCCGTTATGA-1,3826,4605
AGGCCCATTGTACAGG-1,4996,3048
AGGCCCTAGAACGCCA-1,2931,6640
AGGCCTGAGAATCTCG-1,7266,8675
AGGCGGTTTGTCCCGC-1,2381,8315
AGGCTATGGTTAGCTT-1,3276,4365
AGGCTTCCCGAAGAAG-1,4101,7238
AGGCTTGCTAGACACC-1,2450,4126
AGGGAAACGAGGTACT-1,7335,2809
AGGGACAGCACGGCGG-1,4377,1732
AGGGACTCTACGCGAC-1,4858,7837
AGGGCAGCGGCGTGGT-1,6303,2211
AGGGCGAGCAGCTGAT-1,2587,6520
AGGGCGTGATCGGCTA-1,4308,3288
AGGGCTGCAGTTACAG-1,5683,5443
AGGGTCGATGCGAACT-1,7885,5682
AGGGTGCCGTTCTTTA-1,3482,9034
AGGGTGCTCTCGAGGG-1,7541,5323
AGGGTTCCCTTTGGTT-1,7266,4844
AGGGTTTAGTTCGGGA-1,5546,5203
AGGTAACCTCCTATTC-1,4033,2809
AGGTACGATATTGCCA-1,6441,2689
AGGTAGATCGAGATAT-1,3619,8794
AGGTAGGTACAAAGCT-1,3344,5442
AGGTCAGGTGAGAGTG-1,2587,6759
AGGTGGTGACCTTCGC-1,5064,8914
AGGTGTATCGCCATGA-1,2381,5682
AGGTTGAGGCACGCTT-1,6303,3887
AGGTTTCACACACCTT-1,5821,6161
AGTAATGTCTTGCCGC-1,5340,3168
AGTACGGGCACCTGGC-1,6647,4246
AGTACTCTTATGCCCA-1,7266,7957
AGTAGGTAACATACAT-1,4721,2809
AGTATAATACTAGGCA-1,3482,4245
AGTATACACAGCGACA-1,4514,8914
AGTATCCATAATAACG-1,2863,1731
AGTATGCTGGAGACCA-1,3000,8196
AGTATTTGGCACGACC-1,4789,8196
AGTCAAATGATGTGAT-1,3619,9273
AGTCAACACCACCATC-1,4445,6161
AGTCAAGATGACACTT-1,7403,6999
AGTCACTAGCTCTCGA-1,8022,7837
AGTCACTCCGCCTCAT-1,3276,1971
AGTCAGCCACCGCCTG-1,3138,3168
AGTCCATTGGCTGATG-1,8091,6281
AGTCCCGCCTTTAATT-1,7610,3288
AGTCGACGGTCTCAAG-1,7403,5802
AGTCGGCCCAAACGAC-1,3895,4245
AGTCGGCTCAACTTTA-1,2794,6879
AGTCGTCGACCACCAA-1,7472,8076
AGTCGTGGGCATTACG-1,3207,7358
AGTCTCACAAGACTAC-1,3275,7717
AGTCTGGACATCCTTG-1,2588,3407
AGTCTTCTCCTCAAAT-1,5752,4126
AGTGAACAAACTTCTC-1,8229,6520
AGTGACCTACTTTACG-1,4789,6520
AGTGACTGTGACACAA-1,3138,9153
AGTGAGACTTCCAGTA-1,7197,5443
AGTGAGCCTCGCCGCC-1,8298,4725
AGTGATAACCTGCGCG-1,7334,8316
AGTGATATGAGTAGTT-1,4583,6640
AGTGATTCAAGCAGGA-1,7197,5203
AGTGCACGCTTAAGAA-1,7816,7478
AGTGCGTAGCTCGTAA-1,4101,6759
AGTGCTAAACACAGCA-1,7472,8555
AGTGCTTGCACGAATA-1,7335,6161
AGTGGCGGCAATTTGA-1,7679,4126
AGTGGCGTCTGAAGGT-1,7128,8675
AGTGTATTGCGCATTG-1,7748,3288
AGTGTGGTCTATTGTG-1,2794,3766
AGTTAAACACTTGCGA-1,4239,6041
AGTTAAGCGGTCCCGG-1,6716,3168
AGTTAAGTCAACCGCT-1,2931,7358
AGTTACTCTATCGTGG-1,7335,3049
AGTTCCTACAGAATTA-1,4652,4844
AGTTCCTATTTATGTT-1,5683,6400
AGTTCTGCGTTGTATC-1,2519,2809
AGTTGACATCGGCTGG-1,3001,2450
AGTTGACGGTCCTTGC-1,5546,9034
AGTTGCTGACTGATAT-1,2450,3168
AGTTTCGCAGGTCGGA-1,5477,2689
AGTTTGCACCTGCCTC-1,6302,8196
AGTTTGGCACGGGTTG-1,8229,6999
AGTTTGGCCAGACCTA-1,3344,6879
ATAAACCATTGGACGG-1,4308,1612
ATAAACGGACCCGTAA-1,5408,6879
ATAAAGGCTCGGTCGT-1,4652,5323
ATAAATATTAGCAGCT-1,3138,5802
ATAACGCCGGAGGGTC-1,6784,5443
ATAACGGAGTCCAACG-1,6372,4246
ATAAGGTGGAGAACAT-1,6165,7238
ATAAGTTACCGCGACG-1,4789,6759
ATAATAGCTGTTGAAT-1,5546,6879
ATAATAGTGTAGGGAC-1,3276,3407
ATAATCTTGGAGAACC-1,6509,8555
ATAATTAGCTAAGTAG-1,5614,8914
ATACAGGCCCTCCAAT-1,6165,7957
ATACCACGGGCAACTT-1,3207,5442
ATACCAGCAAATTGCT-1,5340,1732
ATACCAGGCTAATAGA-1,4996,2330
ATACCTAACCAAGAAA-1,5614,8196
ATACGCCGATCTACCG-1,3345,1372
ATACGCCGGCGAAACC-1,6578,6041
ATACGGAACGTCGTTT-1,2725,7956
ATACGGGTTTCGATTG-1,6853,3887
ATACGTACTTAGCCAC-1,6509,7837
ATACGTCCACTCCTGT-1,7610,6879
ATACGTTATGCACGGA-1,5546,8795
ATACTAGCATGACCCT-1,5408,3767
ATACTCTCGCCACTCT-1,2932,2330
ATACTGCCTTACACCG-1,6990,8196
ATAGACAACGGGACCT-1,7541,4605
ATAGACGAAGAGAAAG-1,4308,5203
ATAGAGTACTGGGACA-1,4514,4365
ATAGAGTTATCAACTT-1,7610,4485
ATAGGCGGCTATAGAA-1,3482,6400
ATAGGCTAGCTTCGCA-1,7885,4246
ATAGGGATATCCTTGA-1,6096,3767
ATAGGTTGGGCAGATG-1,5615,4605
ATAGTCTTTGACGTGC-1,5821,2091
ATAGTGAAGCGTTCTC-1,5133,6161
ATAGTTCCACCCACTC-1,8229,5802
ATATAAAGCGCTCGTG-1,5890,8196
ATATAAATGTAGCTGC-1,6302,7717
ATATCAACCTACAGAG-1,8435,5682
ATATCGTTCCTCGAAC-1,7541,8196
ATATCTCCCTCGTTAA-1,7197,3527
ATATCTTAGGGCCTTC-1,5408,5443
ATATGTCTCCCTAGCC-1,7885,5443
ATATTCAGTTAAACCT-1,3963,6520
ATATTCCACATAGTGA-1,6509,7358
ATATTCCCACAGGTCA-1,5271,2570
ATATTGCTGTCAAAGT-1,3413,3407
ATATTTAACCCTCAAG-1,4996,4964
ATCAAACACTGTTCCA-1,8573,6879
ATCAAACGAAGGTTTG-1,3482,7118
ATCAATCTGGGCTGCA-1,5684,5203
ATCAATGCCGTGGCTG-1,2518,8555
ATCACATTAGAATATC-1,6853,3647
ATCACGTGCTAATTAA-1,3688,6759
ATCACTTCATCCTCGC-1,5821,3767
ATCAGACGGCACGCCG-1,4101,6520
ATCAGCCTCATGCTGC-1,7197,8076
ATCAGTAGGCAGGGAT-1,7197,4006
ATCATCCAATATTTGT-1,5271,5921
ATCCAACGCAGTCATA-1,3757,4245
ATCCAATGGAGGGTCC-1,3069,6400
ATCCACATCGACAGAA-1,6165,8675
ATCCAGAGCAACAACC-1,4789,7238
ATCCAGGATTCGTGAA-1,4376,6041
ATCCTACCTAAGCTCT-1,4514,6520
ATCCTGAATCGCTGCG-1,3000,5802
ATCCTGCGTGGAATGG-1,4445,6640
ATCCTGCTGCAGATAG-1,4239,1971
ATCGACCCAATACAGA-1,5546,6400
ATCGACTCTTTCCGTT-1,5408,4006
ATCGCACGATTGTTCA-1,2381,2090
ATCGCACGCCGGGAGA-1,5133,4246
ATCGCCAGTCAACATT-1,8435,6640
ATCGGAGACAGACGGC-1,6440,7478
ATCGGCAAGCAGTCCA-1,7816,3647
ATCGTGGAAAGTCTGG-1,2794,8794
ATCTAATATCCTACGG-1,5821,7837
ATCTAGCTTGTGAGGG-1,5683,9273
ATCTCCCTGCAATCTA-1,6165,3168
ATCTGACATGGAAGGA-1,4032,8794
ATCTGCACCTCTGCGA-1,8160,4725
ATCTGCTGTTATCGCC-1,5133,9273
ATCTGGGCTGTTCTTG-1,5958,8555
ATCTGGTTAAGACTGT-1,6440,4365
ATCTGTAATTGTACCC-1,5133,3048
ATCTTGACCTGCAACG-1,4239,4365
ATGAAGCCAAGGAGCC-1,4376,3886
ATGACGCCGGCTCTAA-1,5202,3168
ATGACGCGTTCTATCC-1,3275,7478
ATGACTATCAGCTGTG-1,4170,8794
ATGACTATGCGACATT-1,7266,6999
ATGAGGAGTGTTAATC-1,3620,4245
ATGATCGGGAATAGAC-1,4927,3168
ATGATGCAATGGTACA-1,4651,6520
ATGCACTACCGCATTG-1,4308,4485
ATGCATGATCCAGGAT-1,5684,4246
ATGCATTCCGTGATGG-1,4789,1732
ATGCCATTTGCGACCA-1,7472,6401
ATGCCGGTCTTGCATA-1,6372,4964
ATGCCGGTTGATGGGA-1,6922,3527
ATGCGACAGTCCCATT-1,6096,5443
ATGCGAGTCCCACCAC-1,8367,6999
ATGCTCAGTGTTGCAT-1,3207,3767
ATGCTCTGGCGCGGTA-1,6440,8436
ATGGAGCAGGCCGTGA-1,5752,5562
ATGGATCCGGCGTCCG-1,6647,3527
ATGGATTGACCAAACG-1,5408,4485
ATGGCAGCATTACGAT-1,2450,8914
ATGGGACCTGCTGAAC-1,3344,8555
ATGGGCCTCGGCCTCT-1,7472,6640
ATGGGTGTATACCTCC-1,2862,8914
ATGGTATTTACTGATT-1,2106,9512
ATGGTCGCGTGGTTTC-1,7059,6640
ATGTACGATGACGTCG-1,5614,9154
ATGTGAAAGCCTAATG-1,2725,6759
ATGTGCATCCGACGCA-1,5133,4006
ATGTGGACATCTTGAT-1,6096,6879
ATGTGTAGTTTAGTCA-1,5271,1851
ATGTTACGAGCAATAC-1,3207,3048
ATGTTGTAGTCTGTTT-1,4445,9034
ATTAAACATGCGGACC-1,5271,6400
ATTAATACTACGCGGG-1,5752,3886
ATTAATGAACCAGTCG-1,6647,4006
ATTAATTCGGTCACTC-1,5753,2929
ATTACAACTACCGGCC-1,7197,2570
ATTACGCGCTGGCAGG-1,3275,6041
ATTACTAGCCTCTTGC-1,4239,3407
ATTACTTACTGGGCAT-1,8092,3887
ATTAGATTGATAGCGG-1,4583,3527
ATTAGGCGATGCTTTC-1,6096,5682
ATTATACTTTGCTCGT-1,6578,3408
ATTATCTCGACAGATC-1,5409,2091
ATTATGCCATAGGGAG-1,4858,3767
ATTATTATGTCCGTCA-1,3757,8316
ATTCACTGATGTTGGA-1,5890,7957
ATTCAGGACCTATTTC-1,7954,3647
ATTCAGTAGCAGGGTC-1,2932,4485
ATTCATATACTGTCCA-1,5339,6759
ATTCATCGTTGAGGCA-1,7334,8555
ATTCCCACATAAACAA-1,2863,4365
ATTCCTCCGCCAGTGC-1,3895,4006
ATTCCTTCCAGGCGGT-1,2863,2450
ATTCGACGCCGGGCCT-1,3000,5562
ATTCTCGTCTCTTTAG-1,4721,2570
ATTCTTCGTACTTATG-1,7197,2330
ATTGAAGATCTTAGTG-1,4583,4964
ATTGACGTAACTCGGT-1,6165,2211
ATTGATAGCAACGAGA-1,2725,2689
ATTGATGAGTCCTAAC-1,8023,5203
ATTGCCTATTAGACCG-1,2931,9273
ATTGCGATCAGTAACT-1,8022,7358
ATTGCTGCTCCTCCAT-1,4170,5443
ATTGGATTACAGCGTA-1,8229,7717
ATTGGGAATATCTTGG-1,4789,2689
ATTGTACAACTCGGCT-1,8298,5443
ATTGTCGCAATACCTT-1,7060,3049
ATTTAACTCGTATTAC-1,4789,2929
ATTTACAGTTTACTGG-1,3826,4844
ATTTCATTATTTCGCG-1,6578,2929
ATTTCCGGGTTCTGCG-1,3619,7837
ATTTGCGCGAGTAGCT-1,3344,7597
ATTTGTCTTGGGAGCT-1,6991,6041
ATTTGTTCCAGGGCTC-1,6096,3527
CAAACGAGTATCGCAG-1,4445,6879
CAAACGGTCGCACTTT-1,3964,4844
CAAACTACGATAGAGA-1,6991,2689
CAAACTATTGAGCTTC-1,6372,2570
CAAAGATTATTGGGCC-1,3275,7956
CAAATCTCTCACAAGG-1,2863,6520
CAAATGTCCTTCCGTG-1,4858,6640
CAAATTGTCAGCAAGC-1,5821,2809
CAACGACCCGTTTACA-1,4652,3647
CAACGGTTCTTGATAC-1,3826,3407
CAACTATATCGAATGC-1,6647,3049
CAACTCCTTGATCCCG-1,4377,3407
CAACTGCTCATCCGAT-1,4995,8316
CAACTTGTAGTGGGCA-1,4033,2330
CAAGAGGGCGGAGTAC-1,6303,6760
CAAGATATTATAACGT-1,7335,6640
CAAGCAACGTCGGAGT-1,3826,5083
CAAGCACCAAATGCCT-1,5752,3408
CAAGCGGCACATAATT-1,6165,7717
CAAGGATCGCATGTTC-1,5890,6041
CAAGTGAACTTTGGTT-1,4927,1971
CAAGTGTGGTTGCAAA-1,7679,6041
CAATAAACCTTGGCCC-1,6303,4365
CAATATTCTTGACCTA-1,3963,7717
CAATATTGGACTAGTG-1,2450,2210
CAATCCCTATACCAGC-1,7266,2690
CAATCCTGCCGTGGAG-1,2863,2929
CAATGCGAGAAGTATC-1,6853,7717
CAATGGATCTCTACCA-1,7128,4605
CAATGGTCGGCCTGGG-1,5065,1971
CAATTAAGGGTGATGA-1,5684,4724
CAATTTCGTATAAGGG-1,5546,5682
CACAATGAGCTGCTAT-1,4651,6281
CACACAGGGATAGATT-1,3069,4245
CACACGCGCTGTCTTA-1,7335,5203
CACAGAGACGAGGACG-1,2587,8914
CACAGCACCCACGGCA-1,5271,4964
CACAGCTAGGGAGTGA-1,5340,3647
CACAGGGCCATATAGT-1,7885,8077
CACAGGGCCGTTGTCA-1,5339,8675
CACATAAGGCGACCGT-1,3207,1372
CACATATTAGCAGGAT-1,6234,6879
CACATCGTGCACGCGC-1,3826,8435
CACATCTCACCGACGA-1,6371,8076
CACATGATTCAGCAAC-1,5615,5802
CACATGTTTGGACATG-1,2450,2450
CACATTCTTTCGATGG-1,7404,3408
CACCAGTCAGCATGCA-1,2725,8435
CACCATCGGAGGAGAC-1,5409,2570
CACCCAAATCTTATGT-1,8435,5443
CACCCACACGTCACCC-1,4170,3288
CACCCACGAGGCAATT-1,7128,3647
CACCCGGTTTGTGACT-1,3895,7597
CACCCTAACAAGATCT-1,6715,7957
CACCCTTGGTGAGACC-1,2312,7238
CACCCTTTCCTCGCTC-1,3964,2210
CACCGATACACCGAGC-1,6991,2450
CACCGCCAGAAGGTTT-1,5271,4485
CACCGCCGACCAGCGA-1,5821,2330
CACCGGTAGAGACATT-1,2312,9153
CACCGTTAGGGATCAC-1,3757,7597
CACCGTTGCGCGATAT-1,3207,6879
CACCTAATAGAGTCGT-1,2932,3288
CACCTAATCAGTTTAC-1,6165,3647
CACCTCGATGGTGGAC-1,6028,3408
CACCTTGCGAAACTCG-1,6991,4126
CACCTTGGCGCCTTTG-1,8298,6401
CACGAAAGTTAGTCCC-1,3207,5203
CACGACTAAAGTTCTG-1,4583,1612
CACGCACAGCGCAGCT-1,6165,4126
CACGCAGCGAGGCTTT-1,4170,4964
CACGCGGAACTGTTGC-1,7954,6281
CACGTCGGCAACCTCT-1,3757,7118
CACGTTCGTGCTCTAG-1,6784,5682
CACGTTTCGTACACAC-1,7472,7837
CACTAAAGTTGCCTAT-1,4720,5443
CACTCAAGAGCTATGG-1,5133,5921
CACTCAGCTCTTGAGG-1,6097,2570
CACTCCTATGTAAGAT-1,3688,7956
CACTCCTCTCGGTCGG-1,7197,3049
CACTCGAGCTGAACAA-1,6303,6999
CACTGACGATTGTGGA-1,4720,9034
CACTGTCCAAGTGAGA-1,4170,3527
CACTTAATCAGACGGA-1,4514,5323
CACTTCGCCACAGGCT-1,3344,3767
CAGAACTTAGCCCTCT-1,7059,7598
CAGACACCGATCGCTG-1,4720,7597
CAGACCTGTAAGTGTT-1,8023,4964
CAGACGAACCTGATAC-1,4651,7238
CAGAGACGGTCACCCA-1,5133,7358
CAGAGCATGAGCTTGC-1,6028,4365
CAGAGGCGATGCATGA-1,4514,7717
CAGAGTGATTTAACGT-1,5959,2330
CAGATACTAACATAGT-1,4376,4365
CAGATATGAAGATGAC-1,2518,9273
CAGATCCTGGTTTGAA-1,2381,7837
CAGCAGCCCGTTCCTT-1,6578,4605
CAGCAGTCCAGACTAT-1,8091,7239
CAGCAGTCTGTGCTGC-1,6302,8675
CAGCCGGGCCCTCTAT-1,7060,2570
CAGCCTCCTGCAGAGG-1,6509,4006
CAGCCTCTCCTCAAGA-1,7748,3049
CAGCGATTCCCTTCAA-1,4170,7597
CAGCTCACTGAGACAT-1,5271,5203
CAGCTCGACAAGTTAA-1,7404,4605
CAGCTCGTGCTTGTGT-1,4101,2929
CAGCTGGCGTAACCGT-1,2725,6999
CAGCTTAGTAGGTAGC-1,3138,5083
CAGGAAGACTTTATAT-1,7060,2809
CAGGATATATCGTTGT-1,5339,6520
CAGGCCAGTACCACCT-1,2381,9752
CAGGCCGTTTGGGTGT-1,4170,5921
CAGGCGCACGGTGGTC-1,3138,7956
CAGGCGCCATGCTAGG-1,6234,7119
CAGTAATCCCTCCCAG-1,2932,3766
CAGTACCAGTTTACGT-1,2450,6999
CAGTAGCCCACGCGGT-1,7472,4246
CAGTCGAGGATGCAAT-1,8023,4246
CAGTCTCTCGGCTAAT-1,3138,1971
CAGTCTGTATACTGGG-1,5752,6281
CAGTGAATAAATGACT-1,6922,4246
CAGTGGTTGCACATGA-1,2725,3168
CAGTGTCCGCAGAATG-1,3757,3048
CAGTGTCGGCTGGCCC-1,7541,7478
CAGTGTTAATCTCTCA-1,2312,9632
CAGTTCAAATTGACAC-1,4720,4724
CAGTTCCGCGGGTCGA-1,3000,4365
CATAACGGACAGTCGT-1,7679,5563
CATAAGAAGCTTGGCT-1,6165,8196
CATAATGAGCGGGCGA-1,4377,1971
CATACAAAGCCGAACC-1,3620,2809
CATACACGGTTCCCAC-1,4995,8555
CATACCCGTACCCAGT-1,3344,5682
CATACGAACTAGCTGG-1,3344,9034
CATACGGCGTCTGGGC-1,5546,5922
CATACGGGTGCATGAT-1,2381,1851
CATACTATGTAATTGT-1,4514,5562
CATAGCCGCCCGGGAT-1,2725,4365
CATAGCGTTGCCCACC-1,4101,7717
CATAGTACATTGAGAG-1,6509,3049
CATAGTAGCATAGTAG-1,4308,3527
CATAGTCCACAAGAAC-1,3344,6640
CATATAGGTACAGTCA-1,4995,6400
CATATGTCAGGCTACG-1,2863,6999
CATATTATTTGCCCTA-1,6647,2330
CATCATCTACCCGGAC-1,5959,2570
CATCATTACCCTGAGG-1,7678,7478
CATCCAATATAGTTTG-1,2450,9153
CATCCTCTCAAAGATC-1,7541,7717
CATCGCCCGCGGCCAA-1,4239,2929
CATCGGACGGGTTAAT-1,5202,6281
CATCTTACACCACCTC-1,8023,5682
CATGAACCGACATTTG-1,4170,2570
CATGAACCTCTTATCA-1,5959,1851
CATGAGATGCACTCTC-1,6646,8316
CATGATGCACAATTCT-1,5959,3767
CATGATGGAAGTTAGC-1,8298,6640
CATGCATGGAGACCCT-1,6028,1971
CATGCCAACTCGCAAA-1,2656,6400
CATGCGACCAGTTTAA-1,7954,4366
CATGCGTTAGACAGAA-1,5546,3048
CATGCTGGCTCCAATT-1,5340,2689
CATGGATTGTCTTCCG-1,8160,7837
CATGGCAGGAAGATCG-1,5133,3288
CATGGGTATGCCTTAT-1,6853,7957
CATGGGTCGGGTGTGG-1,7060,3767
CATGGTAAGTAGCGTT-1,6234,6640
CATGGTCTAGATACCG-1,5752,4365
CATGTAAGAGACATTT-1,7403,7717
CATGTCTCATTTATGG-1,7059,7119
CATTACGTCGGCCCGT-1,5684,3527
CATTATCCCATTAACG-1,3344,9273
CATTATGCTTGTTGTG-1,4789,4365
CATTCACTGACAGCTA-1,5821,1851
CATTCAGGTCAGTGCG-1,2657,1851
CATTCCCTAAGTACAA-1,2450,2689
CATTTAGCGGACCATG-1,7060,4246
CATTTCTAGCAGACTA-1,3001,3168
CATTTGAGTGGTACGT-1,4514,7238
CCAAACAGAACCCTCG-1,4514,3886
CCAACCTTATGTAACT-1,4032,9273
CCAACGATGCACTGAT-1,3757,4964
CCAAGAAAGTGGGCGA-1,4789,7478
CCAAGACTTCTGCGAA-1,5477,3647
CCAAGCGTAACTCGTA-1,6096,5203
CCAAGGAACAGAGAGG-1,4514,2929
CCAATAGTGCCGTCGA-1,4101,5323
CCAATCGGTAGATCGA-1,6991,2929
CCAATGTCACAGCAAG-1,4583,5682
CCAATTACGGGTCGAG-1,7610,3528
CCAATTGAATGTTAAT-1,4376,3647
CCACAATGTACGTCTT-1,7060,4725
CCACACTGAGATATTA-1,4583,5921
CCACAGCTGAAATCAT-1,3138,2210
CCACAGTACCCATCCT-1,7541,6999
CCACCAACTTTACTGT-1,3963,7478
CCACCCAAGGAAAGTG-1,6371,5682
CCACGAGAAGAGAATC-1,6372,3288
CCACGGAGCCATAAGA-1,3069,6879
CCACGGCAGGTGTAGG-1,3344,9752
CCACTAAACTGAATCG-1,2450,1731
CCACTGGTGGCTGGTT-1,2656,5921
CCAGAAAGCAACTCAT-1,3688,7478
CCAGAGACAAAGCCGG-1,2656,4006
CCAGATAGTTGAGTGA-1,6991,4605
CCAGCCTGGACCAATA-1,5683,5682
CCAGCTACGCCTCATA-1,3620,2330
CCAGCTCGAACGCATT-1,5683,8795
CCAGCTGATGGTACTT-1,2656,5682
CCAGGGACGTGGCCTC-1,4858,4485
CCAGTAGTCTGATCCA-1,7472,4485
CCAGTCCATTATTCGA-1,2725,2450
CCAGTCTAGACGGCGC-1,7128,4126
CCAGTCTTGTCATAGA-1,5270,8316
CCAGTGTACAGACCGA-1,2450,9872
CCATAAACAACCCGAC-1,6441,2929
CCATACCTTTACTTGT-1,8229,4844
CCATAGGTTGGCGTGG-1,5477,3408
CCATAGTCAGTAACCC-1,2381,3048
CCATCCATACCAAGTC-1,3826,2929
CCATCGCAGTTAAACT-1,5477,7238
CCATCTCACCAGTGAA-1,7954,5802
CCATCTTGTTCACAAT-1,4033,2091
CCATGCCCTAGATTTC-1,7954,7957
CCATGCCTGTTTAGTA-1,4858,5443
CCATGCTCTGCAGGAA-1,4170,3767
CCATGGCCCTTGTACC-1,2725,5083
CCATGTTCATCTATAT-1,3138,9393
CCATTAGCGATAATCC-1,4101,5083
CCATTCCCTGCCCACA-1,3895,5203
CCATTTCTACCTATTA-1,6096,7837
CCCAAACATGCTGCTC-1,7266,5323
CCCAACATACGTCGCG-1,3619,6400
CCCAACCACACTAACA-1,5753,2211
CCCAAGACAGAGTATG-1,4652,1732
CCCAATGAGATTTGCA-1,3963,8435
CCCAATTTCACAACTT-1,3482,5921
CCCAGTTAAGGCGCCG-1,6853,6281
CCCGACCATAGTCCGC-1,6303,3647
CCCGCAGCGCGAACTA-1,5821,7119
CCCGCAGGGCCCAAAG-1,6647,2570
CCCGCCATGCTCCCGT-1,4033,3527
CCCGCGCAATGCACCC-1,2794,3527
CCCGGGTCGTTCAGGG-1,5133,9034
CCCGGTGGAAGAACCT-1,2656,4245
CCCGGTGTATCGGAAT-1,2381,7597
CCCGTAAGTCTAGGCC-1,3138,6041
CCCGTAGCTGGGAAGA-1,3894,8076
CCCGTCAGCGTCTGAC-1,4720,4006
CCCTAGTGTCAGGTGT-1,2588,2450
CCCTATGTAGAGCAGA-1,2862,8435
CCCTCAGATCGAGAAC-1,3000,9872
CCCTCATTCTGGAATT-1,4239,3168
CCCTCGATAATACACA-1,3206,9513
CCCTGAAATGAGTTGA-1,3895,4964
CCCTGCCCAATCCGCT-1,2519,6161
CCCTGCGCTACGCATA-1,2863,5323
CCCTGGTATGGGCGGC-1,6165,1971
CCCTTTGACAGGTCTT-1,5064,7238
CCGAAAGTGGTGAGCA-1,3069,3288
CCGAACACTGGGCCTC-1,2450,6520
CCGAACCTTCCCGGCC-1,6096,7119
CCGAAGTATATTGTTC-1,2725,3886
CCGACAAAGGGAGTGC-1,2656,5203
CCGACGGGCATGAGGT-1,3000,7717
CCGAGGGATGTTAGGC-1,5477,1971
CCGATCTCAACCTTAT-1,8160,5682
CCGATTCGAGGGACCC-1,2588,5802
CCGCACAAAGACCAAC-1,6440,5562
CCGCACGTGACCTCGG-1,3000,4604
CCGCATGTGGTACGAT-1,5752,7957
CCGCCACCACAATCCA-1,5753,1732
CCGCCGGTCAACACAC-1,4996,2809
CCGCCTGCGAATTGGT-1,7885,3049
CCGCGGAATGCGTCAC-1,4307,7358
CCGCGGGTACGAAGAA-1,3000,5083
CCGCGTAGGTAAGGGC-1,2725,4844
CCGCTATCAGCACCAG-1,5546,6640
CCGCTGGTGCCATTCA-1,6303,1971
CCGCTTACCTCACTCT-1,3619,6879
CCGGAATGGTTTCAGT-1,3413,4126
CCGGAGCGTACTTTCT-1,5064,8196
CCGGCGCATATTGGAT-1,5065,2929
CCGGGACCCGCAGAGA-1,4789,3168
CCGGGCGGTCTCGTCA-1,6440,5084
CCGGGCTAAGAATTTC-1,2587,9632
CCGGGCTGCTCCATAC-1,7128,5563
CCGGGTTCGAGGTTAC-1,3413,5802
CCGGTTTGTAATTGTG-1,4101,7956
CCGTAAGTTGGTCCCA-1,6509,5203
CCGTACCCAAGCGCCA-1,3551,2689
CCGTATCTCGTCGTAG-1,3069,7597
CCGTGCCCATGACGGC-1,4514,2689
CCGTGTTAAATTCCAT-1,3688,6999
CCGTTACGTTAGAACA-1,7266,3647
CCGTTCCGAATCTCGG-1,2725,6041
CCTAAAGGCTGACGCT-1,6853,2929
CCTAAATTAACGGTTC-1,5890,6281
CCTAACCCAAACAAGT-1,7335,7119
CCTAACTAAGGCTCTA-1,7610,3767
CCTACATTCACAGACG-1,3482,7358
CCTACGGCTCAGTCGA-1,3413,3168
CCTACTGCTTACACTT-1,4583,4485
CCTAGGCGTAGCGATC-1,7266,5563
CCTAGTTAGTCGCATG-1,6165,2689
CCTATAATGAGTGCCC-1,6784,7837
CCTATACCGTCCTGTC-1,4307,7837
CCTATATTTGTCCTGG-1,4789,8675
CCTATCTATATCGGAA-1,6509,3527
CCTATGGCTCCTAGTG-1,2862,8675
CCTATGGGTTACCGTC-1,5959,4724
CCTATGGTCAAAGCTG-1,5890,9393
CCTCACCAATCTTGAC-1,3620,3288
CCTCACCTGAGGGAGC-1,8229,4605
CCTCACCTTAGCATCG-1,7885,4485
CCTCATGCAGCTACGA-1,3276,2450
CCTCCCGACAATCCCT-1,5546,2330
CCTCCGACAATTCAAG-1,3482,5203
CCTCGAAGTGGACGGG-1,6097,3049
CCTCGCCAGCAAATTA-1,6303,3408
CCTCGCGCGATATAGG-1,7748,3767
CCTCGCGCTGTGCGAT-1,5270,8076
CCTCGGACCGGGATAG-1,7059,6161
CCTCGGTTTCCTTGCC-1,3826,9632
CCTCTAATCTGCCAAG-1,6234,4006
CCTCTACAAGGATTGG-1,3069,9273
CCTCTATCGATTAGCA-1,3000,7478
CCTCTCTCCCATCTAG-1,3688,5323
CCTCTGGCCTAGACGG-1,6372,3049
CCTCTGTACTATTCTA-1,5408,7597
CCTGAACGATATATTC-1,7059,5682
CCTGAATATTTACATA-1,6096,4006
CCTGACCACCGATGGT-1,5408,6640
CCTGAGAATAAATGCA-1,3482,9752
CCTGCGATAGAACTGT-1,2588,2210
CCTGCTATTTGAGAAG-1,4652,4365
CCTGGCTAGACCCGCC-1,4170,4724
CCTGGTCGAATGTGGG-1,5958,8316
CCTGTAAGACATGATA-1,4032,5682
CCTGTACTCACGCCCA-1,2863,6041
CCTGTCACCCGGGCTC-1,5821,4724
CCTGTCGCCCGTAAAT-1,5477,5562
CCTGTTTGAAGACACG-1,7678,8196
CCTTCAGTTAAAGTGA-1,4445,8555
CCTTCTTGATCCAGTG-1,6234,3527
CCTTTAAGGGAGCACT-1,4651,8196
CCTTTCAATGAAGAAA-1,7748,4246
CGAAACATAGATGGCA-1,6509,2570
CGAAACGCAATTCATG-1,3482,6161
CGAACAGTATGGGCGT-1,7816,7239
CGAACCCGCATGCGTC-1,4583,7119
CGAACGCCCAGTGCCG-1,6028,2929
CGAAGTTGCTCTGTGT-1,3620,5203
CGAATCTGCTCGACGC-1,2725,8675
CGAATGAAGTCATTGC-1,2587,8675
CGAATGACGCATAATG-1,5133,8795
CGACAATTTGATCTAA-1,7747,6401
CGACACGCTCCGACAG-1,7679,6760
CGACAGTTCGCGTTAT-1,4101,5562
CGACATGCGATCTTCT-1,5615,2211
CGACTCAGGATGTTAT-1,7335,4006
CGAGACCCTAGAGTGT-1,5408,6400
CGAGAGATGTGAACCT-1,6234,4724
CGAGCACTTCAAGTTT-1,2932,4006
CGAGCGTTGATCAGCC-1,4377,2689
CGAGCTGGGCTTTAGG-1,5821,3288
CGAGGCCAGGCATTGG-1,2725,2929
CGAGGCTAAATATGGC-1,6096,4724
CGAGGGACTGCGGTCG-1,6578,5802
CGAGGGTATCCAGGTG-1,5339,8914
CGAGTACTAAAGAGGA-1,3619,6640
CGAGTGAAGGTACCAG-1,3207,7837
CGAGTGCTATAGTTCG-1,3826,2450
CGAGTTCTGTCCCACC-1,7060,4485
CGAGTTTATCGGACTG-1,7610,5682
CGATACCTCGCGGACA-1,4514,6041
CGATATTAGCCGCAGG-1,3620,2091
CGATCCGACCCAGTGC-1,4651,5802
CGATCCTCGCAACATA-1,3963,9154
CGATCTGTTGGAGGAC-1,2863,6759
CGATGGACCCTACGCC-1,7816,3887
CGATTAAATATCTCCT-1,5477,7957
CGATTCGCCTGGCTGC-1,6234,8076
CGCAAACACGAGTTAC-1,3757,4485
CGCAATTACTTTCGGT-1,3482,4006
CGCAATTAGGGTAATA-1,4239,4605
CGCAATTCTACAATAA-1,3138,4365
CGCACATGTCCACTAC-1,7197,5922
CGCACGTCTGTTTATG-1,3413,9393
CGCACGTGCGCTATCA-1,8023,5922
CGCAGAAACATTTGCG-1,5202,2210
CGCAGGCGATCCAAAC-1,8229,7478
CGCATCATGGCTTCAG-1,7060,2330
CGCATGGTGCGATGCT-1,5752,6041
CGCATTAGCTAATAGG-1,5133,4485
CGCCAAGAAGCCGAGT-1,2381,5921
CGCCACCCGCATTAAC-1,2450,1971
CGCCATCCGATTATGA-1,6716,4126
CGCCCAGCACGCCTAG-1,4720,8316
CGCCCGCTTCCGTACA-1,6716,3408
CGCCCTTGAAGGCTGA-1,2588,4126
CGCCGCCCATGCCTGT-1,6922,5922
CGCCTCCCTCCTCTAT-1,6234,6400
CGCCTGGCCTACGTAA-1,3069,6161
CGCGACCGCGACAGAT-1,6784,8316
CGCGAGTCTGCCGGGT-1,2587,7477
CGCGCAAATGTCCAGA-1,2863,7956
CGCGCAAGGAACTACA-1,3207,1851
CGCGCATGTTTGATTG-1,4927,7238
CGCGCCCGACTTAATA-1,6372,3767
CGCGGCTCAACTTGAA-1,7885,6401
CGCGGGAATTAGGCAG-1,6716,4605
CGCGTTCATGAAATAC-1,4720,4485
CGCTACGGGACATTTA-1,4514,5802
CGCTAGAGACCGCTGC-1,8160,5922
CGCTATACCGCCCACT-1,3689,2929
CGCTATTCAATGTATG-1,3345,3527
CGCTATTCTTAGGCTC-1,5339,5802
CGCTCGACATAATGAT-1,4308,3767
CGCTCTCCGTAGATTA-1,3757,5203
CGCTGAGGACGTCCAA-1,3964,1732
CGCTGGTGACTACCCT-1,7954,6999
CGCTGTGACGCCGCAC-1,4445,4245
CGCTGTGTGGATGTTG-1,4170,8316
CGCTTAGTATTGATAC-1,4789,9154
CGCTTATTCCCGGTCG-1,3275,6280
CGCTTCCACTGAAATC-1,4101,3407
CGCTTTCATACCGGTG-1,4652,2929
CGCTTTCTTGCATTCG-1,7060,4964
CGGAAAGAATCAAACG-1,4514,8196
CGGAACGTAAACATAG-1,4307,6879
CGGAGCAATTTAATCG-1,5339,7717
CGGAGCATGGCGATCC-1,5821,5922
CGGAGCTTATAACACC-1,7129,2450
CGGAGTTTGAGAGACA-1,3551,4844
CGGATAAGCGGACATG-1,2381,3527
CGGATCCTCAAGGACT-1,6715,8436
CGGATGAATGCTGTGA-1,2725,9632
CGGCAAACATCGTGCG-1,5752,7478
CGGCACCGTTAGCGCC-1,7335,2570
CGGCACTCAAGAAAGT-1,3138,2689
CGGCAGGGTCGGGTTG-1,7679,5084
CGGCCACGCACAAAGT-1,5271,5443
CGGCCCAGGTATATCC-1,8435,6401
CGGCGCCATCAATCCC-1,7610,8316
CGGCTTTGTATGATAA-1,5065,2210
CGGGAATATAGTATAC-1,8435,6879
CGGGAATTTATGTAAA-1,5683,6640
CGGGAGCTTCAGTGTA-1,7472,7119
CGGGATCAATGTAAGA-1,5271,4006
CGGGCAGCTAAACCGC-1,5064,5084
CGGGCCATAGCCGCAC-1,2450,2928
CGGGCCTTCTTTGTAA-1,4995,6161
CGGGTGTACCCATTTA-1,7128,5084
CGGTACTAGAATCAAA-1,6922,6400
CGGTAGAGGTGCAGGT-1,7541,3887
CGGTCAAGTGGGAACC-1,6716,4365
CGGTCCGTCGCAAGCC-1,4720,8794
CGGTCTATCAACCCGT-1,6853,3408
CGGTGAAGACTAAAGT-1,2794,5442
CGGTGCAGATAGAACG-1,3688,6280
CGGTGCGCGTTGGTCC-1,3895,7118
CGGTGTACTTGATCCC-1,3345,3288
CGGTTATCCAACAGTG-1,7954,4844
CGGTTCAAGTAGGTGT-1,7954,4126
CGGTTCCGGCTTCTTG-1,3207,2330
CGGTTGACCTGGCATA-1,2931,5921
CGGTTGAGTATCCTTC-1,3275,9153
CGTAAACGCTTGAGTG-1,2794,2569
CGTAAAGCAAGAAATC-1,3138,9632
CGTACCTGATAGGCCT-1,5890,3886
CGTAGCGAATTGTCAG-1,6097,2809
CGTAGCGCCGACGTTG-1,4858,2091
CGTATTAAGAGATCTA-1,4927,5083
CGTCACGTCCATTGGT-1,4720,6879
CGTCAGTGCGCACAAG-1,4583,2570
CGTCATACCATATCCA-1,2588,3647
CGTCGCATGTGAGCCA-1,6509,9034
CGTCGCTTGGTTATAC-1,2931,8794
CGTCGGATAGTGTTGA-1,7816,5323
CGTCGGGTCTAAGCGC-1,2725,7717
CGTCGTCCTTCGCGAA-1,6440,7957
CGTCTGGAAGGGCCCG-1,5477,3168
CGTGAAGTTAATTCAC-1,5064,6041
CGTGACATTGGGTCGT-1,6922,3049
CGTGACCAGTCCTCTG-1,4995,8795
CGTGCAGACTGGGACA-1,6303,6041
CGTGCATTGTCGACGC-1,3344,5921
CGTGCCCTCCCGAAGA-1,6509,6400
CGTGCTGGCCTAGTCG-1,2519,2330
CGTGCTTCTACCTAAA-1,3138,8675
CGTGGCCGAATATCTA-1,8160,6879
CGTGGTACCCAAAGGC-1,4101,9154
CGTGTCCCATTCGCGA-1,3964,4605
CGTGTCTCGTTACGAC-1,3550,8435
CGTTAATGTCCCGACG-1,7197,8316
CGTTAGCTCACAACTG-1,7404,2929
CGTTCAGACCCGCGAA-1,5408,9034
CGTTCATGGTGCGCGT-1,2587,6999
CGTTGAATACCGCGCT-1,6509,8076
CGTTGAGCGACCGTCG-1,6303,6520
CGTTGCCCGCGTGGGA-1,4307,9034
CGTTGTCGGCAATTGA-1,5752,8914
CGTTGTTTCAATTCCC-1,3964,5323
CGTTTAAGCGGAGCAC-1,5271,2809
CGTTTCACTTCGGGCG-1,7541,3408
CGTTTCGCTCATTACA-1,4583,5443
CGTTTGTGTAGAGGGT-1,4032,7837
CTAAACGGGTGTAATC-1,4101,1732
CTAAAGAATGCCTACT-1,3688,5562
CTAAAGGGAAATAGGA-1,5477,6520
CTAAAGTCCGAAGCTA-1,2726,1731
CTAAATCCGGTGTACA-1,3619,8555
CTAAATCCTATTCCGG-1,6991,4365
CTAACCGCGCGCCCGT-1,3620,5682
CTAACGAAACTTGCTG-1,7679,4844
CTAACTGGTCCGGTTC-1,3688,7238
CTAAGGGAATGATTGG-1,6165,6520
CTAATTCGCACGCGCT-1,3551,4605
CTAATTTCAACAACAC-1,3069,3767
CTACAAGAAATAACCC-1,3963,8196
CTACACTAGCTTGTTC-1,3826,1732
CTACCCTAAGGTCATA-1,7472,4964
CTACGACTAGCTATAA-1,2863,5802
CTACGATCCTATCCTA-1,2518,9513
CTACGCACGGAGTACC-1,5133,5443
CTACGCCATTTCCGAT-1,6716,2689
CTACGTGTTGCCACCA-1,2863,1971
CTACTATCATAGGTTT-1,2931,7597
CTACTATCTTTCAGAG-1,7610,4725
CTACTCAAGGTATAGT-1,4101,8435
CTACTCTAGGCCCGGC-1,2932,4964
CTACTGCCACCTGACC-1,5546,4485
CTAGATAAACTCCTCG-1,2932,2091
CTAGATGTGAGTGTAA-1,8298,5204
CTAGATTTACGACGGC-1,6303,6281
CTAGCAACTAATTTAC-1,3138,1492
CTAGCATAGTATAATG-1,5752,5323
CTAGCCGATGTTATGA-1,8160,4006
CTAGGCGCCCTATCAG-1,7472,7358
CTAGGTCTGAAGGAAT-1,8367,5563
CTAGGTTCGGACGTGA-1,6027,8196
CTAGTAGAAAGGGATT-1,6784,8795
CTAGTATTCGGAATTA-1,6716,2929
CTAGTCACGTCTTAAG-1,5959,5682
CTAGTGAAGGACAGGA-1,3826,5323
CTAGTTACAACCCGGT-1,5821,7597
CTAGTTGGGCCCGGTA-1,5890,4365
CTATAAGAGCCAATCG-1,8092,4366
CTATAGGCGTTGATGT-1,3826,8675
CTATATCCAGCCTGGC-1,3344,9513
CTATCGACGAAATACA-1,7610,7598
CTATCGGGTCTCAACA-1,5959,5443
CTATGAACACCTTGCC-1,3138,9872
CTATGCCCGAATGCAA-1,5270,8795
CTATGTCACTAGCCCA-1,5752,4844
CTATGTCTATTGAAAC-1,4996,2570
CTATGTGAGTCACGGC-1,2381,6639
CTATTCATGTGTCCCA-1,5477,7478
CTATTTGGTTACGGAT-1,6853,5563
CTCAAACCACTGCCCG-1,3963,8914
CTCAACTAACCCGGAT-1,7059,8795
CTCACATTTACTAAAT-1,5890,8675
CTCACTGTGATACTTA-1,6371,8795
CTCACTTGGCTGGTAA-1,3000,6041
CTCAGGACTCACCTGT-1,3276,3168
CTCAGTCACGACAAAT-1,7816,4126
CTCATGGCTCACAATC-1,5546,2809
CTCATGGTAATTTGCG-1,3000,7238
CTCATTGCTCTAACAA-1,6578,8436
CTCATTTGATGGGCGG-1,5477,3886
CTCCCTCCTTTCGATC-1,2794,7358
CTCCGCCCACATGAGG-1,3895,6400
CTCCGGCCTAATATGC-1,5271,3527
CTCCGGCTTGTAGACA-1,2519,3048
CTCCTAAGTTATGTCT-1,3276,2689
CTCCTCCAGCTCACAC-1,4651,8675
CTCGAGGCAAGTTTCA-1,3413,9872
CTCGAGGTCGAACAGT-1,5271,4724
CTCGATATTTGCGAGC-1,8023,4006
CTCGCACCTATATAGT-1,5890,4126
CTCGCCGAATGTAGGG-1,5614,8435
CTCGGGTTCTCTGGCC-1,3069,8555
CTCGGTACCACTGCTC-1,6784,6161
CTCGGTCCGTAGCCTG-1,4652,3408
CTCGGTTGTCGGCCCT-1,3000,7956
CTCGTCGAGGGCTCAT-1,2450,8435
CTCGTTACGGCTACCA-1,3963,9632
CTCTACACTGGCGATT-1,2381,6400
CTCTATTTGGCTGCAG-1,5890,6999
CTCTCACAATCGATGA-1,6028,5084
CTCTCGATGTGCGCCT-1,5477,1732
CTCTCTAACTGCCTAG-1,2656,8076
CTCTGCAGGCATTCTT-1,2794,9752
CTCTGCGAAGCAAGCA-1,4652,2689
CTCTGGACGCCTGGTG-1,5477,5084
CTCTGTGCCTGCTATG-1,4514,1492
CTCTGTTTGAGGATTC-1,6165,2929
CTCTTCTATTGACTGG-1,8091,6760
CTCTTCTGGAAGTTAG-1,3963,8675
CTCTTGTCCCGCTTGG-1,5202,7717
CTGAAAGAGATCCGAC-1,5959,3527
CTGAATCCGAGACCTC-1,4858,6879
CTGACTGCGCAGCTCG-1,8160,4964
CTGAGCAAGTAACAAG-1,2932,3048
CTGATCCCTTTATGCA-1,3206,9752
CTGCACAACTACATAT-1,6440,7238
CTGCACCTGGAACCGC-1,4583,3048
CTGCACTCCAGTACAG-1,6027,7717
CTGCCAAGGTTGGAAG-1,6509,3767
CTGCCATGCATCACAT-1,5477,6041
CTGCCTAGCCACCAAG-1,6716,2211
CTGCCTTTAATACCTT-1,3138,8914
CTGCGGGTGAAATGTT-1,2794,4964
CTGCGGTAGTCACGTG-1,7541,2450
CTGCGTTACGATATAA-1,7404,3168
CTGCTGAGGCCACGAA-1,3619,7118
CTGCTTGGCGATAGCT-1,6371,7598
CTGGAAATGGATGCTT-1,4858,4724
CTGGAAGACACGGTGG-1,7266,7238
CTGGATTTACACTTGA-1,4995,7119
CTGGCATCCGAATGAG-1,3000,6999
CTGGCGACATAAGTCC-1,6784,3288
CTGGCGCACAGGTCTG-1,7335,5682
CTGGCGGGAATAAGTA-1,2725,3647
CTGGCTCCTGCGGGAT-1,3069,2091
CTGGCTGATTCATCCT-1,7816,6520
CTGGCTGCTAACGTAA-1,2932,1851
CTGGCTGGTTGTCAGT-1,5064,7717
CTGGGATAAATAATGG-1,6991,5802
CTGGGCCTGCTATATC-1,3275,6520
CTGGGTAGGCAGTTAA-1,6647,6400
CTGGTAACACATAGAA-1,7266,6281
CTGGTAACGAGCTCTT-1,7885,4725
CTGGTCCTAACTTGGC-1,5684,2091
CTGGTGAATGGGCCTA-1,2518,9034
CTGGTTCAACGCATCA-1,3826,2210
CTGGTTTCGAGCAAGA-1,7266,6760
CTGTACTTCTTAGCAT-1,4720,5921
CTGTAGCCATCTCACT-1,4376,7956
CTGTATGGTGTAGAAA-1,3413,3647
CTGTCAAATGGCTCGG-1,6922,4006
CTGTGCAGGGTAGGTC-1,6027,6281
CTGTGGTCGGGAGATA-1,7334,7837
CTGTTACCCAATCTAG-1,5202,6999
CTGTTCACTGCCTGTG-1,5064,3886
CTGTTCATCTCACGGG-1,3551,3886
CTGTTGTTCAGTCGTA-1,2656,9273
CTTAACTTCGAAGTAC-1,5546,2570
CTTACACGGTATTCCA-1,4308,4964
CTTACACTGGGAAATA-1,4514,3168
CTTAGCCTTCCACATG-1,6578,3887
CTTAGGTATAGACCAG-1,2243,8794
CTTAGTAGGCCTACAG-1,8229,5084
CTTAGTGTAGTAGCAT-1,6922,8555
CTTAGTTGAGGAATCG-1,3482,9273
CTTATGTTGACTACCA-1,3069,2809
CTTCAACTCCACTTGG-1,6509,8316
CTTCACGCCCTGGTAC-1,2656,9752
CTTCAGTGGTCGCCTA-1,2450,7717
CTTCATAGCTCAAGAA-1,3757,3527
CTTCATTGTCAGTGGA-1,5339,5562
CTTCCGCTCCGTGAAG-1,4651,7957
CTTCGTAGATAGGTGA-1,4307,5921
CTTCTATGTTGAAGTA-1,3138,6759
CTTCTATTAATGCTAG-1,4445,7358
CTTCTGGGCGTACCTA-1,3550,9154
CTTCTTACGTCGTATA-1,5340,2929
CTTGACCCGAAAGATA-1,5133,2330
CTTGAGGTTATCCCGA-1,2863,2689
CTTGAGTTAGGGTAAT-1,7610,5922
CTTGCAACCGCCTCCT-1,2931,6400
CTTGCCCAGGCTCTAC-1,4995,6640
CTTGGCCAAGCTGGGA-1,5133,8555
CTTGTACTTGTTGACT-1,4720,3767
CTTGTCAACATTCGAG-1,5752,7238
CTTGTGAGTCTTTGAC-1,3551,2450
CTTGTGCTCACCGATT-1,7679,3887
CTTGTTGCTGAGTCAA-1,6715,5802
CTTGTTTATGTAGCCA-1,3138,3407
CTTTAACTTTCAAAGG-1,5821,4006
CTTTAATATTGGTCGA-1,6234,7358
CTTTACCGAATAGTAG-1,6991,7238
CTTTAGGAACACTGTT-1,7197,6161
CTTTAGTGCTATTATT-1,5615,6520
CTTTCTGTGCGGGCTT-1,5752,7717
CTTTGGCGCTTTATAC-1,2450,5083
CTTTGGCTTTAGTAAA-1,3964,5083
CTTTGGGATTGTTGCA-1,4238,8675
GAAACAGATGACCACC-1,7541,6041
GAAACAGCCATGCAGT-1,5409,2809
GAAACATAGGAAACAG-1,2587,8435
GAAACCGAATTACCTT-1,4720,6640
GAAACCTATACAAATG-1,4789,8435
GAAACTCGTGCGATGC-1,2863,4604
GAAACTCTAATGAAGG-1,6234,2809
GAAAGAACAGCGTTAT-1,8298,5682
GAAAGCAGTGCACTTT-1,4926,7957
GAAAGCCCTTTGGACC-1,2656,5442
GAAAGTGACTAACTGC-1,3344,4245
GAAATACTAAACGTTT-1,2725,3407
GAAATATCACCATCAG-1,2794,5203
GAAATCGCGCGCAACT-1,5890,3408
GAAATGGCGGTGTTAG-1,4789,4844
GAAATGGGATGTAAAC-1,2381,2809
GAAATTAGCACGGATA-1,7816,3408
GAAATTCACATCGCTG-1,4583,2809
GAAATTGTCTCTATAA-1,4858,6400
GAACACACATCAACCA-1,4652,3886
GAACAGATTACTAAAT-1,6096,8076
GAACCATCTGGGAGAC-1,4927,1732
GAACCCTCTGTGTTCT-1,5821,8316
GAACCTTTAACGATCC-1,6646,8795
GAACGACCGAATGATA-1,5546,3527
GAACGTCTCATGGTCG-1,7197,4964
GAAGAAACGATATTGT-1,3206,8316
GAAGAACGGTGCAGGT-1,3964,2929
GAAGCCACTGATTATG-1,5958,9034
GAAGCCTGCACATTCC-1,5408,8555
GAAGCGTGAGGAATTT-1,5340,5323
GAAGCTCGGACCCGTC-1,2656,7837
GAAGCTTGCTGACCGC-1,3620,4724
GAAGGAGTCGAGTGCG-1,5339,9154
GAAGTCAGTTGCACTA-1,5202,7478
GAAGTCTCCCTAGCGA-1,7472,5682
GAAGTGATTTATCGTG-1,4445,5921
GAAGTGCTGGATAGCT-1,5409,3048
GAAGTTTCCACTCAAT-1,4376,5562
GAATAGACGCGACCCA-1,7541,6281
GAATAGTGCTCGATTA-1,3688,8435
GAATATTCGGAGTCCC-1,6922,2809
GAATCGACATGGTCAC-1,4101,4365
GAATCGCCGGACACGG-1,4033,2569
GAATCTGAACATTCTC-1,5615,6281
GAATGCCGAAATGACC-1,2381,3766
GAATGCGAATCGGTTC-1,5958,8795
GAATGTATGGCAGGTC-1,7472,3049
GAATGTGGTCCGGATT-1,6784,6400
GAATGTTGGGTAATCT-1,5959,4006
GAATTATAGTGAAAGG-1,5890,5323
GAATTCACCCGGGTGT-1,4995,6879
GAATTTCTCGCTGCAG-1,3276,4604
GACAAACATATGCAGG-1,8091,6520
GACAACGACCATTGAA-1,6509,4246
GACAACGCAGCTTACG-1,4927,3647
GACACAAGGGAAGAAA-1,6165,4844
GACACGAGTTAGAGGA-1,2932,3527
GACACTGAGTTCAGTG-1,4376,6520
GACAGCCAGACCTGAC-1,7128,6281
GACAGGCACACACTAT-1,2725,5802
GACATCCGTCGAACTG-1,6096,9034
GACATCGATTTATAAC-1,4651,7478
GACCAGAGCCCTGTAG-1,4445,4964
GACCCAATTATGATAC-1,2587,7717
GACCCGTCGCCGGCTA-1,5271,2330
GACCGACTGAAGCGTC-1,2725,5323
GACCGATTAAATATGT-1,2312,9393
GACCGTCAGGTCGTGA-1,6785,2809
GACCGTGCTGACGGTG-1,4789,6041
GACCTTCCACGTCTAC-1,6302,9154
GACGACGATCCGCGTT-1,6027,7478
GACGCCGTAAAGGCTA-1,4926,7717
GACGCCTGTTGCAGGG-1,3345,2569
GACGCTTGCTTCTAAA-1,3688,5802
GACGGACCGCGTTCCT-1,5202,1732
GACGGGTTGGCCCGTA-1,4720,8555
GACGGTCAATAGAAGC-1,8092,4844
GACGTGAGACTCCATG-1,3276,2210
GACGTGTAGGGATTAT-1,3413,4605
GACTAAGATCATGCAC-1,4858,4006
GACTAAGTAGGCTCAC-1,4170,4485
GACTACAAAGCGGTGG-1,2656,7118
GACTACAATTGCTCGT-1,6853,2211
GACTCACCCACGTGAG-1,8504,5802
GACTCGCGGGAATGAC-1,7816,4605
GACTGCAAATCGAGCT-1,6371,8316
GACTGCACCAGCCCAG-1,6715,6760
GACTGCTGGTGAGAAA-1,3894,9273
GAGACTGATGGGTAGA-1,5064,4605
GAGACTTCGCGACCGA-1,5133,7597
GAGAGGGCGCGAGGTT-1,3963,5802
GAGAGGTGCATTCTGG-1,3138,6520
GAGATCTGCTTGGCAT-1,4239,5323
GAGATCTGTCACTCCG-1,6303,4844
GAGATCTTCCATGACA-1,6509,6640
GAGATGGGAGTCGACA-1,6165,7478
GAGCACCTGTGTCCAG-1,6715,8196
GAGCATCAACAACTTG-1,3275,8914
GAGCATCATCCCTGGG-1,3964,2689
GAGCCACGGTAGTAGG-1,4445,2330
GAGCCAGCTACCTGTG-1,7334,7598
GAGCGAGGGAGTACCG-1,5202,2929
GAGCGCGCACGAGTAG-1,7610,7119
GAGCGCTGTTAGGTAA-1,2794,8555
GAGCTAAGGGCATATC-1,6922,4725
GAGCTCTCGGACCTAA-1,3482,3048
GAGGAATGGAGAGGTT-1,3344,4485
GAGGCCCGACTCCGCA-1,2794,7837
GAGGCTATCAAAGTCG-1,3069,5442
GAGGGAGTCAGATCGC-1,4032,9034
GAGGGCATCGCGTATC-1,3482,2569
GAGGGCGCAGCTCTGC-1,7335,4485
GAGGGTAGTAACAAAG-1,3344,8794
GAGGTACATCCATCTT-1,5890,2689
GAGGTACGCGTGTCCC-1,5821,9273
GAGGTCCCAAAGATCT-1,3001,3407
GAGTACGGGTATACAA-1,4170,3048
GAGTAGATACTAGTTG-1,5614,8675
GAGTATACCCTAATCA-1,3275,9632
GAGTATGCCCGCCTTG-1,4170,7118
GAGTATGCGCGTGCAT-1,6096,8795
GAGTCAGACCAGAATC-1,4514,7956
GAGTCCGCTTACCGGA-1,5202,6759
GAGTGTCAACCAGAAA-1,6922,8795
GAGTGTGCGGTACCCA-1,7266,6520
GAGTTGATGGCAATTT-1,2519,7358
GATAAATCGGTGGATG-1,4033,3048
GATAACTCGCACTGTG-1,7335,5922
GATAAGGCAGATGCAA-1,3138,2450
GATACGATGGGAGTCA-1,4307,6640
GATAGGTAACGTTGAC-1,5339,6999
GATATCTCATGCAATA-1,5202,2689
GATATGAGACACTAAC-1,6784,5922
GATATGCGGTAGCCAA-1,7472,3528
GATATGGATTACGCGG-1,2450,4604
GATATTGAGATTGGCG-1,8091,5323
GATATTTCCTACATGG-1,7335,3288
GATCAACATAAAGGGA-1,3688,8675
GATCATTCCAAACATT-1,5064,4844
GATCCCTTTATACTGC-1,5340,4605
GATCCGGGAATTAACA-1,6234,5922
GATCCTAAATCGGGAC-1,7748,4485
GATCCTCGACACTGGC-1,3413,7238
GATCGACACTATCTGA-1,4445,4485
GATCGCGGGCTCTCCA-1,4789,5562
GATCGCTACCCGATTT-1,7954,7239
GATCGCTATATCTCAG-1,2931,8555
GATCGCTGTGGTGCGT-1,2450,9632
GATCGGTGGCCATAAC-1,5890,4605
GATCGTGACTGATATC-1,6165,5802
GATCTGCTATCTAAGG-1,5064,8675
GATCTTGGAGGGCATA-1,6027,6520
GATCTTTGCAGGGTAT-1,3826,5562
GATGACAAGTAGGGCA-1,3482,8076
GATGCCAGCAGAAGGC-1,2381,4006
GATGCGTCCTGCATTC-1,5133,5682
GATGCTACAAGCGCCT-1,4721,3288
GATGCTGTATTTCATC-1,6371,6400
GATGGCGCACACATTA-1,3207,3527
GATGGTGCCCTAGGCA-1,6578,2450
GATGTAACGAACCACC-1,2656,7358
GATGTCCGGATCACAT-1,3757,2091
GATGTCGGTCAACTGC-1,6234,2330
GATGTTCAATCCACGA-1,4170,6161
GATGTTTGTGCGAGAT-1,3276,3647
GATTAACCGAAAGCCC-1,7610,7837
GATTACTGAATTTGGG-1,3895,6161
GATTCCCTTGTCGCAG-1,5821,4246
GATTCCGCGTTTCCGT-1,6441,3168
GATTCCTATACGGCGC-1,2794,4245
GATTCGACGGTTCACG-1,6096,6161
GATTGACACTCTGCTC-1,5546,1851
GATTGCTCCAGTTGCA-1,3069,8794
GCAAACCCTACATTAT-1,6853,6999
GCAAACCTTGGCCATA-1,5821,8076
GCAAAGGGCGTTAGCC-1,2587,9153
GCAAATATTACGCTTT-1,4032,5443
GCAACACACTAGAACT-1,2312,6759
GCAACAGCAGTATGCG-1,8504,6760
GCAACCACCAGACCGG-1,7541,2929
GCAACCACGGCCGCGT-1,3207,6400
GCAAGAATTCCTTGGC-1,3688,6520
GCAAGTGCACAGAGAA-1,4101,4126
GCACAAACCCTAGATG-1,2656,9034
GCACAAGTGTCGGAAG-1,5615,2450
GCACACACTGGTAGCC-1,7678,7957
GCACGCCTACTTAGAT-1,3894,7837
GCACTAGTCGCGCTAT-1,4170,2809
GCACTGCCTACCTTTA-1,5890,9154
GCACTGTGCAAATGTA-1,3482,2330
GCAGACCCAGCACGTA-1,8298,5922
GCAGATCCATAAGACT-1,7059,7358
GCAGATTAGGGATATC-1,5408,5682
GCAGCACACAGCCCAG-1,4101,5802
GCAGCGGTGGGCATTA-1,3345,2091
GCAGGAACTTAGATCT-1,2243,7597
GCAGGACTATAGAATA-1,3757,5443
GCAGGTAGAGTATGGT-1,7679,3408
GCAGTGTGGCTATAGG-1,6922,8316
GCATAGAGCACTCAGG-1,5271,5682
GCATCCCTAACTTTGA-1,4101,3168
GCATCGGCCGTGTAGG-1,8298,7119
GCATGAGGGACGCGGC-1,7404,4844
GCATTGTAATTCATAT-1,2656,6161
GCCACAATTTAAGGAC-1,3895,6640
GCCACTCAGAGCGCGA-1,7747,8316
GCCAGGAAAGAACACT-1,3619,9752
GCCAGGAGTAACCGAT-1,7335,3767
GCCAGGCGTTCGCATG-1,7335,2330
GCCATATTGCACACAG-1,7404,3887
GCCATCGAGCTGCGTG-1,4445,7597
GCCCACCAAGGCTGTC-1,3826,2689
GCCCAGTTGGTATGCC-1,3826,3886
GCCCGACTTCTTCCCG-1,2931,7118
GCCCGATCTGTGGTCG-1,5546,7597
GCCCGCGCGTAAACGG-1,4032,7118
GCCCGCGCGTTTGACA-1,3964,3647
GCCCGTAATACCTTCT-1,6647,4485
GCCCTAGCCGTCGCGA-1,2312,7717
GCCGAAATTCCTACGT-1,4308,5443
GCCGACCCACGACTGC-1,3275,8675
GCCGATTGGCCAAGCT-1,5408,6161
GCCGCATTAGTCCGGC-1,2381,5442
GCCGCTTGTGAGAAAC-1,3964,5562
GCCGGAAACACATCTT-1,4858,1612
GCCGGGTTAGGGTCGC-1,5271,6161
GCCTAGCGATCTGACC-1,4101,3647
GCCTATAGTGTCAGGG-1,7472,4725
GCCTATTCCGATATAG-1,3276,4126
GCCTATTTGCTACACA-1,4652,2210
GCCTCATCTGGAAATA-1,7747,6161
GCCTCTATACATAGCA-1,6371,7837
GCCTTCAGCCCTACCG-1,4652,3168
GCCTTGTATATGCAGT-1,2244,3288
GCGAAACGATCGGGAG-1,8091,7717
GCGAAACTTAACTGGA-1,6853,6520
GCGAAGCCATACCCGT-1,5408,4964
GCGACCCAACCATCTG-1,3482,8316
GCGACGATAGTTGTAC-1,4927,6999
GCGAGAGTTGCGTCCA-1,8573,5204
GCGAGGCCCGAGCAGA-1,4445,5682
GCGAGTTCTGCAAAGA-1,5546,5443
GCGATTCTGGAAGCAG-1,6303,2450
GCGATTGTTAACGTTA-1,6509,5682
GCGCAAATATATTCAA-1,3138,8196
GCGCAAGAGCGCGCTG-1,8091,6041
GCGCATCCAGTCAGCA-1,7748,4725
GCGCCGTTCCACGATA-1,5683,6161
GCGCGATGGGTCAAGT-1,4239,1492
GCGCGGTCTAGTAACT-1,5339,9393
GCGCGTCATTGGTACA-1,6922,8076
GCGCTAATTGAATAGA-1,6028,5323
GCGCTATGCCGAGGCA-1,4445,6400
GCGCTGATCCAGACTC-1,7197,3288
GCGCTGCTTTGCATTT-1,7679,4605
GCGCTTAAATAATTGG-1,7334,8076
GCGGACCGCGTTGTGG-1,4170,7358
GCGGAGAAACTTCGCA-1,3482,7837
GCGGAGAGGGAGAACG-1,6578,6760
GCGGCAAAGTATTGCC-1,3069,8315
GCGGCTCTGACGTACC-1,3826,5802
GCGGGAACCAGGCCCT-1,4514,3408
GCGGGCGAGCCTTACC-1,4720,7837
GCGGTAACCCAAATGA-1,2794,2091
GCGGTCCCTAGACGCA-1,4308,2809
GCGGTGAACTGCGCTC-1,7679,3647
GCGGTTCCCTATCATG-1,4583,6879
GCGTAAATGGCCATAA-1,8229,5323
GCGTCCCTAAGACATA-1,4101,8914
GCGTCGAAATGTCGGT-1,5684,3288
GCGTCGCCAGGGTGAT-1,5477,7717
GCGTCTCTGCATTGGG-1,4032,5921
GCGTGGTACTGGGTTA-1,7747,5443
GCTAAACCTGAGGTGA-1,2794,4006
GCTAACTGAAGTCTGA-1,7266,8196
GCTAAGTAGTTTCTCT-1,6715,5323
GCTAATACCGAATGCC-1,4445,3767
GCTACGACTTATTGGG-1,5959,6400
GCTACTATAGTAGAGT-1,7678,7239
GCTAGACCGTCTACTG-1,8367,6281
GCTAGAGTAGAGATGT-1,7816,7957
GCTAGCGATAGGTCTT-1,2862,9153
GCTAGCTTGAATAGCT-1,4239,7478
GCTAGGCACCACGGAG-1,6990,7717
GCTAGTAGAGCTTGTA-1,5683,5922
GCTAGTTTCATTGAGG-1,3757,3288
GCTATACGTCTCGGAC-1,7266,7478
GCTATCATACTCATGG-1,6578,7717
GCTATCGCGGCGCAAC-1,2863,3647
GCTCAATCCGTTTATT-1,3619,7597
GCTCAATGTAATACCG-1,5202,8675
GCTCATTACTGCATGT-1,7610,2809
GCTCCTGACATACTGG-1,3413,7956
GCTCGCTCATGTCCAA-1,8023,6161
GCTCGGAATTTAAAGC-1,6991,3887
GCTCTAAACCCTGACG-1,5202,4126
GCTCTATGTTACGTGC-1,3964,4365
GCTCTCGGGTACCGAA-1,5202,4365
GCTCTTTCCGCTAGTG-1,4926,8914
GCTGAATCTTCCAATC-1,2794,8315
GCTGAGGCGTGAGTAT-1,5615,6041
GCTGCACGGTTTCTTA-1,6234,6161
GCTGCTAAGTAGTCGA-1,5064,7957
GCTGCTACTGCGTAGC-1,6371,7358
GCTGCTCTCCGGACAC-1,5546,4964
GCTGGCATATTCACCT-1,3344,4964
GCTGGCGGCGCATGCT-1,5614,7717
GCTGGGTCCGCTGTTA-1,2244,1612
GCTGGTTTAGGCCATA-1,2174,8435
GCTGTATTACTGGCCC-1,3826,6759
GCTGTTGCTACCGAAC-1,7747,5922
GCTTAATGTAACTAAC-1,6991,6281
GCTTATGAAGCAGGAA-1,7335,5443
GCTTCCGTCCCTAGAC-1,6509,4725
GCTTCGACGTTCAATC-1,2243,9513
GCTTGATGATAATCAG-1,3688,3886
GCTTGGATCGATTAGG-1,7885,4964
GCTTTCAGAGGAGGTG-1,7747,5203
GGAAAGTGCCCATGCC-1,7404,3647
GGAACCGTGTAAATTG-1,4445,7119
GGAACCTTGACTCTGC-1,2656,8315
GGAAGCTCGCTTACAG-1,6922,2570
GGAATAACCTCAAGAA-1,5340,1971
GGAATGCGCTAGCGTG-1,6853,5084
GGACCAACAGGATAAC-1,5821,7358
GGACCTCTAGGCCGCC-1,3275,8196
GGACTCGTGAGTGGTC-1,3826,8914
GGAGAAGTCATTGGCA-1,4032,4006
GGAGACGACACCTTTG-1,5821,6400
GGAGCACCAAGAACTA-1,6853,4365
GGAGCGAGGCCTACTT-1,5958,9273
GGAGGATTGAAAGGAG-1,6234,2091
GGAGGGCTTGGTTGGC-1,6578,5084
GGAGTGCCGCCCTGGA-1,4858,3527
GGATACTCATGAATTG-1,4308,2330
GGATCAAAGGACGAGG-1,4789,1971
GGATCCGGAATATACT-1,6853,5323
GGATCTTACTGCCCTT-1,3619,9034
GGATCTTGACTCAACC-1,2381,7358
GGATGAAGATCGCTGA-1,7679,6281
GGATGACGCGAGTTTA-1,4307,5682
GGATGCTGGCGTTCCT-1,2519,5921
GGATGTCCTTACCGCA-1,7472,5443
GGATTCAGTACGGTGG-1,3482,3527
GGATTCCGCTATACCC-1,6784,3527
GGATTGCTGTGACTCC-1,6990,8436
GGATTTCACTTCTATA-1,6922,4964
GGCAAAGGCGCCAATA-1,3551,7717
GGCAAATTACTTTACT-1,4858,6161
GGCAAGCCCATAGTGG-1,5408,9273
GGCAAGGCGAAATAGC-1,5959,6640
GGCAATAGTCAATGAG-1,6028,4844
GGCACTCCACTGGGCA-1,4376,5323
GGCAGCAAACCTATGC-1,8298,7358
GGCATACAGGTAGCGG-1,3413,5323
GGCATATCGGTTCTGC-1,6922,3288
GGCATCAACGAGCACG-1,4721,1851
GGCCACAAGCGATGGC-1,4239,1732
GGCCCTCACCCACTTA-1,2794,5682
GGCCGAGACTCTGGTG-1,3413,8675
GGCCGGCGTCTGCTAT-1,6646,9034
GGCCGTTTGGGTTTCA-1,4307,8316
GGCGAAATCTAACTTG-1,7197,6401
GGCGCAGGACATCTTC-1,3069,5682
GGCGCATGAATTGATG-1,4927,6281
GGCGCGGAGATCTTTC-1,7128,8196
GGCGCGTTCGAGTTTA-1,5271,6879
GGCGCTCCTCATCAAT-1,2519,3288
GGCGGAGTAATATTAG-1,4376,5083
GGCGGTAGGATCATTG-1,5959,4964
GGCGTCCTATCCGCTG-1,3482,4964
GGCTAAAGGGCGGGTC-1,8023,3528
GGCTACTATACACTCC-1,4238,8914
GGCTATTAAGTTGTAT-1,4032,5203
GGCTCCTCCACCTGTT-1,3619,8316
GGCTCGCGTTGAGGTA-1,7610,4964
GGCTCGTGCCACCAGC-1,3826,3647
GGCTCTGCTCCAACGC-1,6165,4365
GGCTGAAATAGCAAAG-1,6647,7119
GGCTGGCTAGCTTAAA-1,3207,2569
GGCTTTCAATAAGGGT-1,5477,8435
GGGAACGGGAGGTTAG-1,3757,5921
GGGAACGGTTTCAGAT-1,3413,8914
GGGAAGACGGTCTGTC-1,6440,8914
GGGACAGAGTTACTCC-1,2518,8076
GGGACCCGTATATCTT-1,4858,8076
GGGACTGCATAGATAG-1,5340,5084
GGGAGAACTCACAGTA-1,5615,5084
GGGAGGATGCCCGAAA-1,4720,5682
GGGAGTAATGGCTGGC-1,4101,2450
GGGAGTTAATGAGGCG-1,6372,5203
GGGATGGTCGTAACCG-1,4170,6879
GGGATTTACCGCACCT-1,7403,6281
GGGCAACCGCACGTGC-1,2519,7837
GGGCAGAGCAATCGTT-1,5339,8196
GGGCCCGTCTTAAACA-1,4789,6281
GGGCCCTACGAAAGGG-1,2312,5802
GGGCCGGCCGAAGTAC-1,6991,5563
GGGCGATATGTGTGAA-1,5202,4605
GGGCGGCAAATGAATT-1,4307,7119
GGGCGGGTTCCCTACG-1,3757,6400
GGGCGGTCCTATTGTC-1,3138,2929
GGGCGTACATTTATAT-1,4927,4126
GGGCGTCACCACGTAA-1,4651,6999
GGGCGTCCACTGGCTC-1,6991,3168
GGGCGTGGTTTCCCAG-1,6784,8555
GGGCGTTTACATTCAT-1,3000,9153
GGGCTATGATCGATGG-1,4720,8076
GGGCTCATCGAACCCA-1,7335,4246
GGGCTGCCTAGGGCGA-1,5959,5203
GGGCTGGTTAGTCGCG-1,4720,4964
GGGTAATGCTGTGTTT-1,2657,2330
GGGTACCCACGGTCCT-1,3001,2929
GGGTACTTCATGAACT-1,3895,5682
GGGTATGTATGCACTT-1,3138,4604
GGGTATTCTAGCAAAC-1,2243,7837
GGGTCACCGTGACGGT-1,4445,5443
GGGTCAGGAGCTAGAT-1,4995,9034
GGGTCCTTGGAAGAAG-1,1968,9752
GGGTGACACCTTAACT-1,5064,6759
GGGTGGTCCAGCCTGT-1,5959,2091
GGGTGTTTCAGCTATG-1,5890,3168
GGGTTAACATTTGAGT-1,4651,7717
GGGTTCAGACGAACAA-1,2519,3527
GGTAAATGTGCGTTAC-1,6785,2570
GGTAACCGGGAGGATA-1,3069,8076
GGTAACTATGTATCTG-1,4239,2689
GGTACAAACATGCTAT-1,4927,6041
GGTACATCTGGGACGA-1,2450,5802
GGTACCATTAAGACGG-1,8436,4725
GGTAGAAGACCGCCTG-1,6096,7598
GGTAGACCGTTGGGCG-1,4858,7597
GGTAGTGCTCGCACCA-1,6165,5323
GGTATTGCCGAGTTTA-1,4858,5203
GGTCACGTTAGATTCA-1,3826,1971
GGTCAGTGGGTCCCAC-1,5477,6999
GGTCGGATAAACGGCG-1,7885,4006
GGTCGGCCAGGAGCTT-1,6991,5084
GGTCGGTAATTAGACA-1,3689,2689
GGTCGGTCGTCCACAG-1,4789,7957
GGTCGTAAGCTCGCAC-1,2519,7118
GGTCTCTGAATGGACT-1,3551,7478
GGTCTGAGAATCTGGA-1,6716,4844
GGTCTTGAGCGCTCTT-1,5683,9034
GGTGAAACCGGGAATG-1,4514,1971
GGTGAACGGGCTAGCC-1,3413,2210
GGTGAAGTACAGGGAT-1,3757,6879
GGTGAGATGCAGATAA-1,3689,3168
GGTGATAAGGAGCAGT-1,6647,5682
GGTGATTTCATCTTGT-1,3895,2330
GGTGCGGATAAGTGGC-1,4377,3168
GGTGCTGATCACAAAG-1,2656,4485
GGTGCTGGTACACATT-1,4376,6281
GGTGGACTGCTCTGGC-1,7059,7837
GGTTACCACCCTCGGG-1,3482,6640
GGTTAGCTATATGTCT-1,7197,6879
GGTTAGGCTTGGAGAA-1,3688,4605
GGTTAGTTACGGCGCC-1,2794,4485
GGTTCTACTCGTCTGA-1,8435,5922
GGTTTAATTACCATCG-1,3894,8794
GGTTTACAATCTCAAT-1,6234,4246
GGTTTAGCCTTTCTTG-1,8229,6760
GGTTTCAATCGGTCAG-1,7472,5203
GGTTTGAGTGCTGGAA-1,4101,2689
GTAACTTGCGGCAGTC-1,3964,2450
GTAAGCGGGCAGTCAG-1,5546,4006
GTAAGGATTTGTCGGA-1,5890,2450
GTAAGTAACAGTCTGG-1,6853,6041
GTAAGTAGGGTATACC-1,3688,4365
GTAATAAAGGGCTCCC-1,8298,4964
GTAATCTGATTCTTCG-1,4239,7238
GTACACTTACCTGAAG-1,5615,5562
GTACAGAGGCAAGGGT-1,6922,5682
GTACGACGGCGCTGCG-1,3001,2689
GTACGAGATTGCGACA-1,5133,3767
GTACGCTTCATTGCAC-1,6165,6760
GTACGTTTGCCCGTCA-1,5890,6520
GTACTAAGATTTGGAG-1,4996,4485
GTACTCCCTTATCGCT-1,3138,5562
GTACTCCTGGGTATGC-1,8229,4366
GTACTGAGGTCGTAAC-1,4445,2570
GTACTGCATGAAGCGT-1,3895,2569
GTACTGGAGTTAGACC-1,6784,5203
GTACTTGGGCACTTCT-1,3482,3288
GTAGACAACCGATGAA-1,4996,2091
GTAGACACGCCTGACT-1,5821,8795
GTAGACGTCGTTACAT-1,3895,2809
GTAGAGGGAGACAAGT-1,3344,7358
GTAGCCAAACATGGGA-1,6027,7238
GTAGCGCTGTTGTAGT-1,4652,1971
GTAGCGGCTATACACT-1,5959,5922
GTAGCTCCGGGAGGCT-1,3757,9034
GTAGCTTCCTCTTGTT-1,7335,4964
GTAGGTGATCCGTGTA-1,6647,3288
GTAGTCGCGGGAATCA-1,6784,7119
GTAGTCTACGATATTG-1,6509,8795
GTAGTTCGAAGGCGAA-1,3894,9034
GTATAGGACTCAGTAG-1,5202,3647
GTATATGTTACGGCGG-1,2588,1971
GTATCAAACGTTAGCT-1,7885,7837
GTATCAGCTTGGGTTC-1,3551,3647
GTATCTCAGTCTTGAC-1,2725,8196
GTATCTTTCATAACCA-1,5752,6760
GTATGAAATTTCACTC-1,2725,7477
GTATGACGTGGGAAAC-1,3207,2091
GTATGTGGGTCTAGTT-1,7541,5802
GTATTAAGGCGTCTAA-1,3001,3647
GTATTCTGAGAAACGA-1,3826,6999
GTATTCTTACCGTGCT-1,2657,2091
GTCAAAGAAGTGGTGT-1,2450,7956
GTCAAAGTTTACATAG-1,3207,2809
GTCAAGCGGACTCGGG-1,6509,5922
GTCAATTGTACTGAAG-1,4308,1851
GTCACAAAGTTTCCAA-1,5409,2330
GTCACTCTCCAAATCT-1,3344,4006
GTCAGAATAGTCTATG-1,3413,4844
GTCAGTTGTGCTCGTT-1,6097,2330
GTCATGCACCTCCGTT-1,5408,4724
GTCATGGACATGACTA-1,5477,4365
GTCATTAGAGCGAACG-1,5821,5682
GTCCAATATTTAGCCT-1,4858,9034
GTCCATTACTGCTACG-1,8504,6281
GTCCCAACGTAAAGTA-1,6234,5203
GTCCCGCGACGTTATG-1,6853,8196
GTCCGGACCTGAAATT-1,7266,7717
GTCCGGCTGAATTGCG-1,4789,4605
GTCCTACAGGCGGCTC-1,2313,3407
GTCCTACGAATAGTCT-1,7472,7598
GTCCTTCTAGTGGGTT-1,6853,2450
GTCGAATTTGGGCGCT-1,2381,9513
GTCGCCGTTGTGTGTT-1,4170,8076
GTCGCGTAACCCGTTG-1,6371,5922
GTCGGATATCTCAGAC-1,3688,5083
GTCGGATGTAGCGCGC-1,6509,3288
GTCGGGAAGCAGAAAC-1,5683,8316
GTCGTACCATCTCGGG-1,5477,6759
GTCGTATTGGCGTACA-1,7748,3528
GTCGTCAATTATAAGG-1,4308,2570
GTCGTTATTCGCTTAT-1,6440,6760
GTCTATCTGAGTTTCT-1,4101,6041
GTCTATTGGTTCCGGT-1,7403,7239
GTCTCAAGGCCCGGCT-1,5752,8435
GTCTCGATCTGCTTTC-1,6716,3647
GTCTGGGCGGTCGAGA-1,4239,6759
GTCTTAGTACAGCCGG-1,6578,2689
GTGAAACGGCGCCACC-1,7266,4126
GTGAAACGTGCTCCAC-1,3757,2569
GTGAACTCCCATTCGA-1,8367,4844
GTGACAGCTTCCCACT-1,6302,8914
GTGACCGCACACTACG-1,7472,5922
GTGACGCAGGTTTCAT-1,6371,9034
GTGACTTCAGTAGTGC-1,4651,6759
GTGAGCGTGCTGCACT-1,2932,5203
GTGAGGACACTTAAGG-1,6509,6161
GTGAGGAGCGGTTGAG-1,7197,2809
GTGAGTGGTACAACGC-1,5064,7478
GTGATCAAGCGTGCAC-1,3069,9034
GTGATCACTAACGCCT-1,7885,6879
GTGATCATAGATCTGC-1,5133,6640
GTGATCCTTGTCATGA-1,6990,8675
GTGATTCGCCGCTCAA-1,3963,6999
GTGCAACAAATGTGGC-1,5477,2929
GTGCACCAGCTTCAAC-1,4926,9154
GTGCACGAAAGTGACT-1,6096,3288
GTGCCATCACACGGTG-1,3551,6280
GTGCCCGTTCGGATTC-1,7059,5922
GTGCCGCTTCAAAGGT-1,4239,6520
GTGCCTCAGTGTACGG-1,7610,2570
GTGCGAAATCGAACAC-1,4170,6640
GTGCGACAGGGAGTGT-1,8091,5563
GTGCGCAGCTTGCTCC-1,3482,1851
GTGCGGGACCATCGGC-1,3964,1971
GTGCGGGTCTCCAAAT-1,5064,3647
GTGCGTGTATATGAGC-1,6922,6161
GTGCTCAAGTACTGTC-1,4789,5323
GTGGAACCTACATGCG-1,6785,3049
GTGGACCAACCCGATT-1,3207,6640
GTGGACGCATTTGTCC-1,5614,7957
GTGGACGTGCTGAGAC-1,3895,3288
GTGGAGCGTTTACCGA-1,2312,8196
GTGGAGTCGGCGGTTG-1,3826,7717
GTGGCAAACAGCGGCA-1,2587,7238
GTGGCGGTCCCAGCGT-1,2587,6041
GTGGGAAGACTGAATC-1,2243,6639
GTGGGCTTAGACACAC-1,3895,4724
GTGGTATAGTCTGCCG-1,4032,8076
GTGGTGGCCAAGTGAA-1,6647,6640
GTGGTTACTTCTTTCG-1,8436,4964
GTGGTTTCCGCCTTTC-1,3413,6280
GTGTACCTTGGCTACG-1,6578,4365
GTGTATATCAGCGGGC-1,6440,8196
GTGTATGACTTTAAAG-1,4033,1851
GTGTCGTATAGCGTTC-1,6440,7717
GTGTGAATAACTTAGG-1,6922,5203
GTGTGAGCCGAGGTGC-1,3482,1372
GTGTTACTATGCGTCC-1,6371,6161
GTTAAAGTAGGACTGG-1,6922,7119
GTTAACATCACTTAAA-1,6234,7837
GTTAAGGGTGCGATGT-1,6096,8555
GTTACAATTGGTGACG-1,3482,5682
GTTACCTACAACTTGC-1,5821,6879
GTTACGGCCCGACTGC-1,3895,1612
GTTACTTTGGGCCTAG-1,4720,6400
GTTAGAGTGTGCCGCT-1,6372,2091
GTTATATTATCTCCCT-1,5064,6999
GTTATCACCTTCTGAA-1,5202,1971
GTTATTAACGTGGGAG-1,2450,3886
GTTCACAGGAGTCTAG-1,3551,5083
GTTCATCGTTTGGCTG-1,8435,5204
GTTCCAGTCTGACCAT-1,4858,3288
GTTCGACAATTGTATA-1,3069,9513
GTTCGCCATAAGTGCC-1,4858,5682
GTTCGTCTAAAGAACT-1,7334,7358
GTTCTTCCCTCGATGT-1,4721,3048
GTTGAACCGGTTCCAT-1,3963,6281
GTTGAGTCCCGCCGGT-1,6578,7478
GTTGCACGGAGTTTCG-1,4514,4126
GTTGGATTCAGTGGCT-1,7816,3168
GTTGGATTGAGAACAC-1,7266,5084
GTTGGATTTGCGTTGG-1,4652,5562
GTTGGTCATGCTATCC-1,5546,7837
GTTGTCGTGTTAGTTG-1,4445,3048
GTTTACGTTCCATCTG-1,5615,6999
GTTTCATATCGTCGCT-1,3069,5921
GTTTCCTGGAGGGTGA-1,4583,4245
GTTTCTGCAGTCTCCC-1,6165,6041
GTTTGACCAAATCCTA-1,5202,4844
GTTTGGCCCAAGTTAT-1,6715,6281
GTTTGGCCGCTCAGCG-1,3413,2689
GTTTGGGCTTGTGAGC-1,5683,7358
GTTTGGTAGGGTCAAC-1,5270,7597
GTTTGGTGATCGGTGC-1,3826,9154
TAAACCCAGGAGGGCA-1,3688,7717
TAAAGAGCCCGAAACC-1,4377,2450
TAAAGCGGTATTTCCA-1,4582,8794
TAAAGCGTTAGGAGAA-1,7266,4605
TAAAGCTGCAATAGGG-1,7885,3288
TAAATGAATCCGTTTC-1,3207,4006
TAACAAAGGGAGAAGC-1,3620,3767
TAACAGCGTTTGTGCT-1,3757,8794
TAACATACAATGTGGG-1,6027,5802
TAACATACACGCGATC-1,2931,7837
TAACCGCCCGCAGTGC-1,4583,2330
TAACCTACCGTCCGAG-1,8160,5204
TAACGCTTTGAGAGCG-1,3207,4485
TAACTATCGAAGGTCC-1,3551,4126
TAACTCATCCGCGCGG-1,4583,6400
TAACTCCATGGAGGCT-1,3069,3527
TAAGAGGGACAGGGAC-1,2518,8794
TAAGATTTAGCGGGAG-1,3689,1731
TAAGCAGGCGACACGC-1,2519,5442
TAAGCGCGAATCAAAT-1,2931,9034
TAAGGAACTTGTGGGA-1,3964,3168
TAAGGCAACATAAGAT-1,6096,4246
TAAGGCATAACATCAA-1,4582,8076
TAAGGCCCGTCACCCT-1,6027,8675
TAAGGCTGAATCCCTC-1,7885,6640
TAAGGGCCTGTCCGAT-1,7747,8077
TAAGGGCTGGGAGAGG-1,2450,5323
TAAGTAACATCTTGAC-1,3963,6759
TAAGTCGCCGAGTATC-1,3413,7717
TAAGTTGCGACGTAGG-1,7747,7598
TAATAAACAAGGAGAT-1,7472,3288
TAATACACAGTAGTAT-1,5615,3647
TAATAGAACAGAGTTA-1,3826,7238
TAATAGGTCACCAGAA-1,2656,8555
TAATAGTGACGACCAG-1,6922,4485
TAATATTGAAATTCGC-1,4445,3288
TAATCGATCCGTACGT-1,7610,4246
TAATGAAAGACCCTTG-1,2381,4245
TAATTAGATGGATATG-1,3413,2450
TACAACGCACAACTCA-1,4583,6161
TACAAGTCTCGTGCAT-1,3069,4964
TACAGAAACGGTGGGC-1,7059,8316
TACATAGGCATACACC-1,5339,6041
TACATTTCTAACGTGC-1,4995,5921
TACCAAATAGCCCAGA-1,5408,8316
TACCAATAAAGTACCA-1,6922,7837
TACCAGAAGTAGGTTC-1,4720,7119
TACCAGCTAGGTTTAA-1,5684,2570
TACCAGGAATCCCGTC-1,3688,9393
TACCGCGGACTTGCAG-1,7885,5203
TACCGGCTCACTGCCC-1,5683,6879
TACCGGTCGTTTCCAT-1,3551,6520
TACCGTAGGTTAACTA-1,5133,8316
TACCGTGCCTCGGACC-1,5959,7358
TACCTACTCCCAGTAT-1,5477,8196
TACCTCACGCTTGTAC-1,5065,3168
TACCTCAGTTGTCTGT-1,4651,8435
TACCTCCACACCAATG-1,3206,9034
TACCTGCTGCACTGTG-1,2725,4604
TACCTTAAGATTTCCC-1,3207,7118
TACGAACACGACTTCA-1,4858,4964
TACGACGCTTGCTGCG-1,4927,6759
TACGACTGCCTCTTAG-1,5752,6520
TACGAGAACTTCACGT-1,3895,5443
TACGATGTTGATCATC-1,3620,5442
TACGCAGTTCTTTCCT-1,4720,6161
TACGCCATATTCTAAT-1,5202,6041
TACGCCGAGGGTACCC-1,3550,7956
TACGCCTCCATTCCGA-1,5270,7837
TACGCTATAGAAACCT-1,8367,5323
TACGCTGATAGTTGTA-1,2106,9991
TACGCTGCTGTGTTAA-1,2862,9393
TACGGGATGCTAGCAG-1,6922,3767
TACGTACTAGTGCTGA-1,4101,8675
TACGTGCACTATGCTG-1,3482,3767
TACGTTTACCGGCAAT-1,3413,6041
TACTATGGTTCCTCAG-1,4445,8076
TACTCCTCTAGTTGAC-1,3688,8914
TACTCGGCACGCCGGG-1,2312,5562
TACTCTCCGAACAAAT-1,6784,3767
TACTCTTTCGTCTTCA-1,4376,8196
TACTGAACAGATTTAG-1,4238,7956
TACTGCAATCAATTAC-1,8229,3887
TACTGGACAGCTCGGC-1,2932,5442
TACTTGTTAGTAGTCC-1,7197,5682
TACTTTACTGAGCCGG-1,7816,4844
TACTTTCCGCACGCCA-1,2519,6879
TAGAAAGGTGGCGCTA-1,6784,4964
TAGAATTAAGGGCAAC-1,6441,2450
TAGACGAAACGCCAAT-1,6234,8795
TAGACGCCCGTACCGG-1,7404,5084
TAGACTACCTAGCGTT-1,8367,5802
TAGAGATCATGCAACT-1,3000,6520
TAGAGCTACGAAGAAC-1,4858,2809
TAGAGGTTCTACTTGT-1,7816,7717
TAGAGTCTAAGCGAAC-1,4996,4724
TAGATATGGACTGGAA-1,4858,7119
TAGATCCGAAGTCGCA-1,6165,2450
TAGATTCAAAGTGCGG-1,3894,9513
TAGATTCCTGGTTATT-1,2588,5083
TAGCAACCTGTCACAA-1,3000,3886
TAGCCATTTCAAAGTC-1,7335,6401
TAGCCGGCGGTCAGCG-1,7060,5203
TAGCGTCCGGTGTGGT-1,6509,7598
TAGCGTTGGGTCTTAC-1,5890,5802
TAGCTAAGTCCGGGAG-1,5133,4724
TAGCTAGAAGGCATGA-1,4720,7358
TAGCTAGTGATGATGG-1,4514,8435
TAGCTCGCCTGATAAC-1,5202,7238
TAGGCATGTTACGCCA-1,7060,4006
TAGGGAGCTTGGGATG-1,7816,5563
TAGGGTGTTTCAAGAG-1,4927,3886
TAGGTCCAAGTAAGGA-1,2794,4724
TAGGTCGCCGGAACTG-1,8091,5084
TAGGTGACGATAACCT-1,6646,8555
TAGGTGAGCCCTACTC-1,3482,4724
TAGGTGCTCGCCTAGC-1,7128,6041
TAGGTGTTCCACAGAT-1,5339,8435
TAGGTTCGAGTTCGTC-1,5821,5443
TAGTACCTTAGTGGTC-1,2657,3766
TAGTAGCTTATACCAG-1,4170,8555
TAGTCCGCAGAGAATG-1,4858,5921
TAGTCCTGCACTAAGC-1,2931,9513
TAGTCGATCACGGGTT-1,7816,6999
TAGTCTAACAACGAGA-1,3551,6041
TAGTGAGAAGTGGTTG-1,4033,1612
TAGTGCCCTCCAGAGT-1,4789,5083
TAGTGTCAGAAACGGC-1,2519,3766
TAGTTAAGATAGGATA-1,6853,2689
TAGTTTATTCTTGCTT-1,5133,2809
TATAAATCCACAAGCT-1,4239,3647
TATAAGTGAGGATAGC-1,3895,3767
TATACACAGACGCCTT-1,5339,7238
TATACACGCAAAGTAT-1,3689,3407
TATACGCGTCATCACT-1,5890,8435
TATACTCATGCGGCAA-1,2450,3647
TATAGAGTCGCTTGAA-1,4376,8914
TATAGATGGTCGCAGT-1,8229,6041
TATAGGGTACTCATGA-1,2588,5562
TATAGTTAGGTGTACT-1,2037,9872
TATATAGGGCTTTACG-1,3482,8794
TATATATCGAGAAATG-1,3138,8435
TATATCCCTGGGAGGA-1,7954,5563
TATATTCGCGTCGATA-1,5477,2211
TATCACAGCACGGGCA-1,5615,1732
TATCACCCAACCGACC-1,8092,4126
TATCCAATTGGTTATC-1,6646,7837
TATCCATATCATGCGA-1,4789,3408
TATCCATCTCGGTTAG-1,2381,8555
TATCCGCACCGTCGGG-1,4858,8316
TATCCTGCATGGGAAT-1,4927,2929
TATCGATCTATGCATA-1,7266,3887
TATCGATGATTAAACG-1,4583,4006
TATCTACAGAGGTAAT-1,2863,4844
TATCTACCACAGCGGG-1,5339,6281
TATCTTGCAATACAAC-1,2312,7956
TATGAAGACAGGTGCG-1,2656,4724
TATGATCTTCTCTTTA-1,7403,8196
TATGATTCTGCTTGGT-1,3620,1851
TATGCTCCCTACTTAC-1,5408,4246
TATGGAGTTTCTCGTT-1,3413,1971
TATGGATGTGCTACGC-1,4927,4365
TATGGCCCGGCCTCGC-1,3276,4844
TATGGGACCGAGCAGG-1,5064,5562
TATGGGTACGTATCGT-1,5202,5084
TATGGTCTGAGTAACA-1,5202,5562
TATGGTTAGTGGGAGA-1,8435,6161
TATGTCAAGACCGACT-1,7541,3647
TATGTCTCATTGTGCC-1,6853,4844
TATTAACCTGACCGCG-1,4307,8076
TATTACCATCCTGCTT-1,7816,5802
TATTATGTTTGCCTGC-1,2381,8076
TATTCAATTCTAATCC-1,6303,5323
TATTCCACTCAGCTCG-1,5133,7119
TATTCCGAGCTGTTAT-1,7128,7717
TATTCCGGCAGTCCTA-1,5133,1851
TATTCCTCCGCCCACT-1,3413,6999
TATTCGTGCCAGAATA-1,5615,5323
TATTTAGTCTAGATCG-1,5202,3408
TATTTATACCGAGTAG-1,6578,3168
TATTTGTTACCCTTTA-1,4376,4126
TCAAACAACCGCGTCG-1,5340,4126
TCAAACTTAGATTGTT-1,5684,4964
TCAAAGTCACGGCGTC-1,2862,9632
TCAAATTTGAGACTCA-1,6027,8435
TCAACAAAGATAATTC-1,3207,7597
TCAACACATTGGGTAA-1,3620,2569
TCAACATAGCGCCCTA-1,4238,8196
TCAACATCGACCGAGA-1,2312,6520
TCAACCATGTTCGGGC-1,4720,4246
TCAACGAGGAGACAAA-1,5064,6281
TCAACGCAGGAAATAA-1,3344,7118
TCAACGCGACCGGCAG-1,2794,5921
TCAACTAACGTATAAC-1,2519,4964
TCAAGGTTACTACACC-1,8298,6879
TCAATACGCCGTCATG-1,5408,8795
TCACAGCAAACTCGAA-1,4583,7358
TCACAGGAGAATAAGA-1,4582,7837
TCACAGGGAATCGCAA-1,6647,6879
TCACAGGTTATTGGGC-1,4514,5083
TCACATCTTATCTGAT-1,2588,4604
TCACCCTCTTAAGATT-1,5271,6640
TCACCGCTCGGCACTC-1,7541,4844
TCACGATGTCCGTGGA-1,3138,7478
TCACGCATTGTAGATC-1,4583,5203
TCACGGCCCAAGAGAG-1,2450,9393
TCACGGTCATCGCACA-1,4308,4006
TCACGTGCCCGATTCA-1,5477,5802
TCACTCGTGCAACGGC-1,7610,3049
TCAGACGCTATAGAAG-1,6165,6999
TCAGCAAATGCATCTC-1,6234,4964
TCAGCAGTAGGCCCTG-1,4032,8555
TCAGGGTGTAACGTAA-1,6165,4605
TCAGGTTCTTTGAGAA-1,4101,4844
TCAGTACTGACCCGCG-1,3551,4365
TCAGTAGGGACTATAA-1,4514,6759
TCAGTGTATACGTCAT-1,3688,8196
TCATACTTACAGATCC-1,2863,3886
TCATATGAGCTTTGTT-1,5477,8914
TCATCACTCGAGCTCG-1,3207,3288
TCATCCCAGAGGGTGG-1,6028,2689
TCATCGATGGTCCCAA-1,3206,8076
TCATGCAGGTTCTCAT-1,6991,3408
TCATTTAAGTCTCCGA-1,8023,5443
TCCAACTTTAAATTCT-1,3963,6041
TCCAATAAAGGCTACC-1,4858,8795
TCCACAATGGTTTACG-1,3688,4844
TCCACCTCTAGCCTTT-1,4858,8555
TCCACTTTATCTAGGT-1,6647,4964
TCCAGAGCACCGGTTC-1,6027,6041
TCCAGGCGAGTACGGT-1,5133,4964
TCCAGGGTATATACGA-1,5546,8555
TCCATCAATACTAATC-1,2174,8914
TCCATTAGTTGGATAG-1,3001,1971
TCCATTGTGACCTCGT-1,6441,2211
TCCCAAAGACGAAGGA-1,5340,4365
TCCCAGCTTTAGTCTG-1,5064,5323
TCCCAGGCTTAGCTAA-1,4514,4844
TCCCGCGTACTCCTGG-1,5959,4485
TCCCGGGTGTGCTGCT-1,3551,5323
TCCCGGTCAGGAATTT-1,3689,2210
TCCCGTCAGTCCCGCA-1,6372,4006
TCCCGTGTGCAATTTG-1,6715,6520
TCCCTGGCGTATTAAC-1,2450,8196
TCCCTGGCTCGCTGGA-1,3069,5203
TCCCTTAGATTACTCG-1,7128,3408
TCCGAACTTGGCTTAC-1,2519,5203
TCCGACCGCTAATCAA-1,3688,9632
TCCGAGAAGGCTAAGC-1,4101,1971
TCCGATAATTGCCATA-1,5615,3408
TCCGATGACTGAGCTC-1,6440,3887
TCCGATGGTGCGACAT-1,4858,4246
TCCGATTACATTGCCG-1,3413,5083
TCCGCCTGTCTACAAG-1,6302,7957
TCCGCGGCAGCATCTG-1,6991,5323
TCCGCGGCCCAATGAA-1,8022,7598
TCCGCTGTCATCCCGG-1,6784,6879
TCCGCTTATCCCATTA-1,5615,7238
TCCGGCCTAGCGTACA-1,7954,4605
TCCGGTTCGTCCGGTC-1,4858,7358
TCCGTTAAGCTAATAT-1,8091,7478
TCCGTTTAGCCTTGAA-1,7335,4725
TCCTAAATTGGGAAGC-1,6027,7957
TCCTAACCGTCGGGCA-1,4376,8675
TCCTACATCCACGGCC-1,6991,6760
TCCTAGCAAAGAAGCT-1,4032,6161
TCCTCCTAAGACATTC-1,2656,6879
TCCTCGGGCTGGGCTT-1,6440,6041
TCCTCTACGAGATGGC-1,3413,4365
TCCTCTCCAGTTGTCC-1,2588,4844
TCCTCTGGCCCATTAG-1,7266,2450
TCCTGCCAACTGGAGA-1,7404,2690
TCCTGCGTTGATACTC-1,3276,5802
TCCTTACGACGGTCCG-1,7747,7119
TCCTTCAGTGGTCGAA-1,5959,3049
TCCTTTAAATCCGCTT-1,7541,7957
TCCTTTCTTACGCTTA-1,5477,4844
TCGAAATTTAGGACCA-1,4308,4724
TCGAAGAACCGAGCAC-1,8023,6640
TCGAATATCCCGCAGG-1,3413,8196
TCGACAACTGAACCCG-1,2243,8076
TCGACATAGCGTAGCG-1,3275,9872
TCGAGACCAACACCGT-1,4995,5682
TCGAGCCAGGCAGGCC-1,3757,8076
TCGATAGGCTAGTCGC-1,4514,2210
TCGCAAAGATGCATTT-1,6371,6879
TCGCACCAGGAGGCAG-1,6715,7238
TCGCATCCCTAAGTGT-1,3345,3048
TCGCATTCAATGACTT-1,3757,2330
TCGCCGAAGTTGCGTC-1,3757,6640
TCGCCGGTCGATCCGT-1,5408,3527
TCGCGTCCAGAAGGTC-1,3207,4964
TCGCTAAACCGCTATC-1,7335,3527
TCGCTACTGGCTTTGA-1,6234,9034
TCGCTCGATATATTCC-1,5546,4724
TCGCTGGGCGGATTGT-1,6303,4605
TCGCTGTGCGTAAATC-1,4033,3288
TCGCTTTAAACGTTTG-1,7197,4246
TCGGAATGACCATCAA-1,6441,1971
TCGGAATGCGCTCTGA-1,3138,4844
TCGGACGCCCAGCCCA-1,6647,5203
TCGGAGAGTATCGGGA-1,2794,6640
TCGGAGTACATGAGTA-1,6303,5084
TCGGCGAACCCAAACC-1,8435,7119
TCGGCTTGTATCGACG-1,7816,8196
TCGGGAGACAGCGTAC-1,6096,8316
TCGGGCCGTCGTGGTA-1,7266,6041
TCGGGTGAAACTGCTA-1,5065,2450
TCGGTCCCGACAATAG-1,2794,8076
TCGGTCCCTGACTCCA-1,7404,2450
TCGTAAGACGACATTG-1,6509,4485
TCGTATAGTGCAATTA-1,5065,2689
TCGTATTACCCATTGC-1,2932,5682
TCGTCAAGTACGCGCA-1,3826,7956
TCGTCACACTGTTAGC-1,2519,4485
TCGTCCGCTGGCGTCT-1,3964,3886
TCGTCTTAGGCGTTAA-1,6922,7598
TCGTGTACTATGGATG-1,6509,6879
TCGTGTCACGCTGACA-1,2794,6400
TCGTTAGGAGTCCCTA-1,4927,7478
TCGTTCGTTATTATGT-1,5477,2450
TCGTTGCTATCCGGTC-1,4376,7717
TCGTTGGCTCGTCAAT-1,3345,2330
TCTAATACTGCCTCAG-1,2931,8076
TCTACCGTCCACAAGC-1,5821,4485
TCTAGCAATCTCCGCC-1,3275,6759
TCTAGCATCTTCGATG-1,4170,4006
TCTAGCATGCCCAGAA-1,5752,6999
TCTAGGTGGCGACGCT-1,8023,4725
TCTAGTGATATCGTGG-1,7954,6520
TCTAGTTATCAGAAGA-1,4927,5323
TCTATCATGCAGTTAC-1,3964,3407
TCTATCGGTCGCAACA-1,5615,3886
TCTATTACGCTGGCGA-1,3551,2929
TCTCATGAGATAGGGT-1,7197,7119
TCTCCAACGTAGGTTA-1,6578,3647
TCTCCCTGGGCAGCGT-1,6715,7717
TCTCGAACGAGGTCAC-1,7679,2690
TCTCGGCTCCAGGACT-1,2794,2809
TCTCTAATAGCTGGTA-1,4789,3647
TCTCTTACCGCGAACC-1,4170,9034
TCTGAACCGGTCGGCT-1,3757,3767
TCTGAACTCGTACCCG-1,7747,6879
TCTGAAGCACGTGGTC-1,6990,7957
TCTGAATTCCGTACAA-1,7679,5323
TCTGATGTATTCTGTC-1,6922,7358
TCTGCCAGAAACTGCA-1,6647,6161
TCTGCGTCCGGTTTCT-1,2794,3048
TCTGGGAACCTTTGAA-1,7954,6041
TCTGGGTAGCGCTCAT-1,3688,6041
TCTGTCATACAAGAGC-1,4239,2450
TCTGTGACTGACCGTT-1,2794,1612
TCTGTGCCATCATAGT-1,6716,5084
TCTGTGGCTACATTTC-1,4445,1612
TCTGTTACCCAGCATA-1,3619,7358
TCTTACAGAGGTACCG-1,4308,3048
TCTTACCGGAACTCGT-1,7472,3767
TCTTACGGCATCCGAC-1,3207,4245
TCTTACTTATGCCTCT-1,7610,6640
TCTTAGAGTGAACTCT-1,8023,6401
TCTTCCCATGGGCACA-1,7816,5084
TCTTCGAATAGACGTT-1,6096,5922
TCTTCGATACCAATAA-1,5752,5084
TCTTCTATAACCCGCC-1,8573,6640
TCTTGATGCGTAGCGA-1,5890,5084
TCTTGCTCCCGATACT-1,5821,9034
TCTTGGTAACACCAAA-1,5684,3767
TCTTTAAGACTATGAA-1,7954,5323
TCTTTCTCTTAAGGAG-1,6647,2091
TGAAACTTATGCAAGC-1,6234,2570
TGAAAGGACCTGACTC-1,6922,5443
TGAACAAGCAGGGACT-1,3688,9154
TGAATGAGTGTTTCCC-1,4651,9154
TGACATCGAGCGGACC-1,8160,5443
TGACCAAATCTTAAAC-1,5477,9154
TGACCCACGTTAGACA-1,4445,5203
TGACGAATATTTCCCT-1,2725,6520
TGACGATGCACTAGAA-1,7747,5682
TGACTATAATCCTTTC-1,5890,6760
TGACTCCGAATCATAC-1,2312,8675
TGAGAATGCTTTACCG-1,4927,3408
TGAGAGATTTACCACG-1,7472,6161
TGAGATCAAATACTCA-1,5546,2091
TGAGATTAGGCCCTAA-1,7679,3168
TGAGCAGTCGTGAAGT-1,3895,1851
TGAGCCATACAGTCTC-1,3826,6280
TGAGCGGAAAGTGTTC-1,5683,7837
TGAGCTTTAATGACGC-1,7060,3527
TGAGGAGTGCCAGCTT-1,5202,8196
TGAGTAAATTAGCGTA-1,5133,6879
TGAGTGCCTCTTAAAT-1,4032,6640
TGAGTGGTCCGTGACG-1,6991,4844
TGATACATTTAGCCGT-1,4170,7837
TGATCAGGGAACTGCT-1,2863,6280
TGATCGGTTTGACCCT-1,4927,4605
TGATCTCCGGCGCCAG-1,4652,4605
TGATTCCCGGTTACCT-1,4651,8914
TGATTCGTCTATCACT-1,4032,4964
TGATTCTGTCGCCGGT-1,4239,6999
TGATTTATTAGCTGTG-1,3551,5802
TGATTTCCTCCTGACG-1,3551,3168
TGCAACCCATCTGCGG-1,7403,8436
TGCAAGAATGACGTAA-1,5340,4844
TGCACGAGTCGGCAGC-1,5753,1971
TGCAGAACTATATCGT-1,2725,6280
TGCAGAGTACCGAGCA-1,4376,5802
TGCAGATCGTCCTAGG-1,2450,6280
TGCAGCTACGTACTTC-1,2312,6280
TGCAGGATCGGCAAAG-1,6303,4126
TGCAGTGGTAGGGAAC-1,2587,9393
TGCAGTTTCCTCCCAT-1,7403,6041
TGCATATGTCTGTCAC-1,7059,5443
TGCATGGATCGGATCT-1,5821,3527
TGCATGTGGTAATCTA-1,6784,4725
TGCCAAAGTCAGACTT-1,2519,6400
TGCCAATGGGTACTCT-1,4789,7717
TGCCACCTGGCGAAAC-1,6440,3647
TGCCAGTACGTGGAGA-1,6096,7358
TGCCATTACTAAAGAA-1,7197,3767
TGCCCGTACCGTTAAA-1,6371,6640
TGCCGGATGTACGAGC-1,3550,8675
TGCCGTGGATCGTCCT-1,5546,8076
TGCCTGACATCGGTCA-1,2588,3168
TGCCTGATCAAACGAT-1,6028,3647
TGCCTTGGCCAGGCAA-1,6853,7478
TGCGACACCCTAGTGC-1,4376,6759
TGCGACGGCCGAACGT-1,3413,8435
TGCGAGAATATTACCC-1,3963,7238
TGCGCAAAGCATTTGG-1,5821,4964
TGCGCGATTAACGGAG-1,4032,4485
TGCGGAGTAAAGGTGC-1,6028,3886
TGCGGCATAGTTCAAC-1,4927,2689
TGCGGTGAAATTTCAT-1,5753,2689
TGCGTAAGAACCTGAT-1,4170,6400
TGCGTCATGACTGAGC-1,2656,7597
TGCGTGATTGGGTGTC-1,2381,2569
TGCGTTTGTTGACACT-1,6440,6281
TGCTAAGTGTCTATTT-1,7403,7478
TGCTATACAAACGGAC-1,4996,1851
TGCTATGGCAAAGGGA-1,3000,9632
TGCTCCACAGTTCTTA-1,7747,6640
TGCTCGGCGAAACCCA-1,5408,8076
TGCTCGGTGGGTCACC-1,6165,9154
TGCTCTTGAGAGTTTG-1,6027,8914
TGCTGGTTGGACAATT-1,4032,3767
TGCTGTTGAAGAACTC-1,5752,5802
TGCTTAGAGAGAATGC-1,3000,8675
TGCTTCCCAAGCAGTA-1,5752,8675
TGCTTGAAACCATGCA-1,2381,2330
TGGAAGAAGGGAACGT-1,3619,5921
TGGAAGACGAACACCA-1,4377,2929
TGGAAGGATAAAGATG-1,5890,3647
TGGAATTAGACGCTTT-1,2450,4365
TGGACCAATCTAAGAT-1,6715,8675
TGGACCACGGCGTTGA-1,2519,2091
TGGACGCAATCCAGCC-1,2587,8196
TGGACTGTTCGCTCAA-1,6234,5682
TGGAGCTAAAGTTCCC-1,5890,1971
TGGAGTGATGCGATGA-1,4032,4724
TGGCAAACTAAATTAC-1,6578,7238
TGGCAACTCGCGCGCC-1,7128,3887
TGGCAAGCACAAGTCG-1,5064,9154
TGGCAGATTACGATCA-1,5202,6520
TGGCAGCAGTAATAGT-1,5408,5922
TGGCCAAACTGAAGTA-1,6440,4605
TGGCCGTATATTGACC-1,3826,4365
TGGCGACTGCTCCAAA-1,4445,7837
TGGCGATCAAGTTATG-1,4995,7358
TGGCGGTGTGCGATTG-1,4170,2091
TGGCTATGTGACATAC-1,6853,8436
TGGCTTTGGGTAGACA-1,4720,3527
TGGGAAATGCCTTTCC-1,3069,4006
TGGGCACAAACAGAAC-1,4377,2210
TGGGCACGTTCTATGG-1,6234,3049
TGGGCCACAAGAGCGC-1,6165,3408
TGGGCCCATACTAATT-1,7335,6879
TGGGCGATACAATAAG-1,5477,9393
TGGGTAAGGTTCCCGC-1,6647,2809
TGGGTTTCGGGCGTAC-1,2931,9752
TGGTAGAATATATGGG-1,8091,6999
TGGTATCGCATCCCAA-1,5890,2211
TGGTATCGGTCTGTAT-1,5271,2091
TGGTCCCACGCTACGG-1,6302,7478
TGGTCTGTTGGGCGTA-1,3207,5682
TGGTTCAACGGGTAAT-1,6303,7238
TGGTTCGTAGCAAAGG-1,4996,4006
TGGTTGGAGGATCCTG-1,7473,2570
TGTACCTACACGAGGG-1,7472,8316
TGTACGAACAAATCCG-1,5202,5802
TGTACTGTGCCAAAGT-1,4170,1851
TGTAGGAGAAATTTCC-1,7128,5323
TGTAGTGATCTATAAT-1,3482,5442
TGTATAACAGATCCTG-1,6647,4725
TGTATCCTTATTCCAT-1,4652,2450
TGTATGGCGCAGACAG-1,7610,6401
TGTCCCGACATAGCAC-1,5133,2570
TGTCCGTGGCGCCTTT-1,2450,4844
TGTCCTAAGTCACCGC-1,3276,5323
TGTCGGCATGGTGGAA-1,2794,2330
TGTCGTTATCACATAT-1,2243,8555
TGTCTACAGTTTCTGT-1,4858,2570
TGTGACTACGCCAGTC-1,6234,3767
TGTGAGACTAGCCCAA-1,5546,8316
TGTGCCGGTGCCGGAA-1,7885,7598
TGTGCTTTACGTAAGA-1,2450,5562
TGTGGCAAAGCGTATG-1,7197,4725
TGTGGCGGGCTTCTGG-1,5270,9034
TGTGGTTGCTAAAGCT-1,4582,9034
TGTGTCGCGAGTTGCA-1,3688,4126
TGTGTTCGTATCCAAG-1,2656,4964
TGTTATTGTATGTGGC-1,7128,6520
TGTTCCGCTTCCATGA-1,4239,5562
TGTTCGTATTGCGGTG-1,5408,7119
TGTTCTTCCATTGACT-1,4170,5203
TGTTGTCAAGAAGTCT-1,6853,4126
TGTTTAATACTTCATC-1,6509,2330
TGTTTCGGTACTTCTC-1,5065,3408
TTAAACAGAGTCCCGC-1,3069,2330
TTAAACCGGTAGCGAC-1,4789,2210
TTAAACTCGAATTCAT-1,7748,4964
TTAACACCTCGAACAT-1,2725,4126
TTAACCAACCCTCCCT-1,4996,3527
TTAACGTCGCAAGACC-1,4927,2450
TTAACTTCAGGTAGGA-1,3000,6759
TTAAGATAGGATTGAC-1,8160,6401
TTAAGCCGACAACTTC-1,6509,2809
TTAAGCGCCTGACCCA-1,4239,4844
TTAAGGATACGGAGGT-1,3895,2091
TTAAGGCCCGTACTTT-1,2931,8315
TTAATCAGTACGTCAG-1,6440,3408
TTAATGTAGACCAGGT-1,5890,4844
TTAATTGCTTTGGGTG-1,6440,8675
TTAATTTCAGACGCGG-1,5959,3288
TTACAACTACGCATCC-1,4789,4126
TTACAGACCTAAATGA-1,7816,4366
TTACATCGTGGCCTGG-1,3689,3647
TTACATGCCACAACTA-1,8298,6161
TTACCATTGATTACCC-1,3138,5323
TTACCCATTGCCGGGT-1,7060,3288
TTACCCTAACAGTCCT-1,2863,4126
TTACCCTAGGGATTGG-1,5202,8435
TTACCGCCTTAGGGAA-1,2657,2569
TTACGGATGGTTCGAG-1,7610,5203
TTACGGTGTCACCGAG-1,3757,1851
TTACTAAAGGACTTTA-1,6578,6999
TTACTATCGGCTTCTC-1,2312,5323
TTACTCCGGCCGGGAA-1,6578,5323
TTACTCTGGTACGTAC-1,3344,6400
TTACTGGGATATTTCA-1,4927,6520
TTAGAAGAACATGACT-1,5615,7478
TTAGAATAAGGGTCGG-1,4307,8555
TTAGACACGATCGTTG-1,7128,3168
TTAGACGAGTCACCTC-1,6715,6999
TTAGAGTTTAGAAGGA-1,7128,6760
TTAGATAGGTCGATAC-1,2657,2809
TTAGCAACATGGATGT-1,3138,3647
TTAGCTAATACGATCT-1,7954,3887
TTAGCTGATTTGCCGT-1,7679,5802
TTAGGTCATAACCGAC-1,3826,8196
TTAGTAGGGCGGCGGG-1,3000,5323
TTAGTTATTCGTGGCA-1,7472,6879
TTATAGATGCACATTA-1,4858,1851
TTATAGGTAATTGTCT-1,6234,8555
TTATATACGCTGTCAC-1,6303,5802
TTATATTTGGCAATCC-1,5615,4365
TTATCCAATCGAACTC-1,3482,2809
TTATCCGGGATCTATA-1,7197,7358
TTATCCTCAAGGAATA-1,2450,7477
TTATCGCCTGCGAAGC-1,2381,4485
TTATCTGTATCATAAC-1,5340,3886
TTATGAATGAAAGGGA-1,5546,6161
TTATGACAAACTGGAT-1,3620,4485
TTATGATCTTAACGAA-1,6853,5802
TTATGCGTCCCGGTCC-1,4308,2091
TTATGTTTGCGATAGA-1,2588,4365
TTATTAGAGCGTGTTC-1,6027,6760
TTATTAGGGAAGCATC-1,5271,3048
TTCAAAGTCTCTAGCC-1,6371,5443
TTCAACGACCCGACCG-1,4514,3647
TTCAAGCCGAGCTGAG-1,6372,2809
TTCAATACTCTGAATC-1,7128,5802
TTCAATTAGCCATAAT-1,6509,2091
TTCACGAAAGGATCAC-1,4927,5802
TTCACGGTCGTCACGT-1,3069,9752
TTCACTCGAGCACCTA-1,5958,7837
TTCAGAGTAACCTGAC-1,2725,1971
TTCAGCCCTGGTCCAC-1,7059,6879
TTCAGCTGGCGTGCCC-1,7747,7837
TTCAGGCGTCAAAGCC-1,2312,6041
TTCATGGCGCAACAGG-1,6372,3527
TTCCAATCAGAGCTAG-1,7748,4006
TTCCAATCTGGCTATC-1,4376,6999
TTCCACACAGATTTGA-1,4376,7238
TTCCGCGTGAGGCGAT-1,5615,6760
TTCCGGCCTTGAGGCT-1,4239,7717
TTCCGGTTACCCACTT-1,7197,6640
TTCCTCGAGGGTGTCT-1,4583,3767
TTCCTCGGACTAACCA-1,7128,7238
TTCCTTTCTGTGTTGC-1,2932,2569
TTCGACAGAGCCCGTG-1,5890,7478
TTCGACGGGAAGGGCG-1,4239,4126
TTCGCACTCGCGTGCT-1,4308,4245
TTCGCACTGTACGACA-1,5270,8555
TTCGCATCCGGAAGCA-1,2519,2569
TTCGCGCGCCATACGA-1,4445,8316
TTCGCTATCTGACGTG-1,8092,3647
TTCGGCAACCCGCTGA-1,7266,3168
TTCGGCTAGAGATGGT-1,2863,3407
TTCGGGACTAATCGCG-1,6165,5562
TTCGGGCGCTAGTCTT-1,3757,7837
TTCGGTACTGTAGAGG-1,5546,9273
TTCGTAATCCCAGCGG-1,7129,2690
TTCGTACTCCAGAACG-1,3207,4724
TTCTAACCGAAGCTTA-1,7403,5323
TTCTACCTCAATCGGT-1,2794,9513
TTCTACTTGCGAGGGC-1,3413,3886
TTCTAGAAAGTCTTAT-1,4376,8435
TTCTAGGCCAATTGTG-1,4239,3886
TTCTATTAAACGCAGC-1,4995,9273
TTCTCAATTGCTACAA-1,2174,9872
TTCTGACCGGGCTCAA-1,6990,7478
TTCTGCCGCGCCTAGA-1,5959,7119
TTCTGCGAGCGCCCTT-1,2381,5203
TTCTGCGGGTTAGCGG-1,6715,6041
TTCTTAGTGAACGGTG-1,3551,3407
TTCTTAGTGGCTCAGA-1,5409,3288
TTCTTATCCGCTGGGT-1,8160,7119
TTCTTGAGCCGCGCTA-1,4032,6879
TTCTTGGACGATCTGC-1,3413,7478
TTCTTGGAGTAATGAG-1,6647,3767
TTCTTGTAACCTAATG-1,3620,4006
TTGAACGAATCCTTTG-1,2657,3527
TTGAACGACGTGCTGA-1,7266,8436
TTGAAGAATTCCCAGG-1,4652,5083
TTGAATATGGACTTTC-1,6440,5323
TTGAATTCACGTGAGG-1,7885,5922
TTGACAGGAGCTCCCG-1,8023,6879
TTGACATGAACGTGGA-1,3413,6520
TTGACCAGGAACAACT-1,6715,8914
TTGACCATGTTCTCCG-1,6578,4126
TTGACCGTGTTAATGA-1,3551,7238
TTGACGATTCAGCACG-1,4721,2330
TTGACGCTCCATGAGC-1,8160,6161
TTGACTACCATATGGT-1,4032,6400
TTGACTATTGTCCGGC-1,8367,6760
TTGAGAAGTTTAGCAT-1,7197,7837
TTGAGAGTACTGCTAA-1,3826,6520
TTGATCTAACTTTGTC-1,4445,4724
TTGATGCCGCTCGTCG-1,3550,9632
TTGATGTGTAGTCCCG-1,7404,4126
TTGATTAGCTGTTTCT-1,3551,6999
TTGATTATGCAGATGA-1,3482,4485
TTGCACAATTCAGAAA-1,5133,6400
TTGCACGGAGCAGCAC-1,5271,3767
TTGCATGCTGATCACG-1,3619,6161
TTGCCATAGCCCGCTC-1,2863,7717
TTGCCCTGATCACGGG-1,3551,5562
TTGCCGCAGACCTACA-1,2450,8675
TTGCCGCTTTCTAGTA-1,6578,8675
TTGCCTAATCCAAAGT-1,2656,9513
TTGCGGCATCAGAAAG-1,4307,7597
TTGCGTAGTTTGAGGA-1,2519,4245
TTGCGTCGGCCAACCG-1,4032,7358
TTGCTCCCATACCGGA-1,6165,3887
TTGCTGAAGGAACCAC-1,5133,3527
TTGCTGATCATGTTCG-1,5133,5203
TTGCTGCACCTATCCA-1,2588,3886
TTGCTGGCCGGGCTTC-1,6578,2211
TTGGAAGAATACAGTC-1,2863,7238
TTGGACATGTGGCTTA-1,3207,6161
TTGGACCATCTGGCAA-1,8435,7358
TTGGACCTATAACAGT-1,7128,7957
TTGGAGTCTCCCTTCT-1,4239,2210
TTGGATATCGTCTACG-1,4789,6999
TTGGATCGACTTCTGG-1,5340,2450
TTGGATTGGGTACCAC-1,4996,3288
TTGGCCATCTTGCGCT-1,2657,3288
TTGGCCTAGAATTTCG-1,6853,3168
TTGGCTCGCATGAGAC-1,3757,4006
TTGGGAAGACGAGCCG-1,5614,9393
TTGGGACACTGCCCGC-1,6028,4605
TTGGGCGGCGGTTGCC-1,6440,4844
TTGGTCACACTCGTAA-1,4514,6999
TTGGTTGCGGTGCGCG-1,2794,7597
TTGTAAGGACCTAAGT-1,3413,6759
TTGTAAGGCCAGTTGG-1,6784,4485
TTGTAATCCGTACTCG-1,4996,5443
TTGTATCACACAGAAT-1,6303,2689
TTGTCGTTCAGTTACC-1,5202,3886
TTGTGAACCTAATCCG-1,7403,7957
TTGTGCAGCCACGTCA-1,6302,8436
TTGTGGCCCTGACAGT-1,5340,3408
TTGTGGTAGGAGGGAT-1,3138,7238
TTGTGTATGCCACCAA-1,5339,7957
TTGTGTTTCCCGAAAG-1,5271,7358
TTGTTAGCAAATTCGA-1,4101,3886
TTGTTCAGTGTGCTAC-1,5615,4126
TTGTTGTGTGTCAAGA-1,6509,4964
TTGTTTCACATCCAGG-1,4101,8196
TTGTTTCATTAGTCTA-1,3275,8435
TTGTTTCCATACAACT-1,3069,6640
TTGTTTGTGTAAATTC-1,4721,2091
